{
  "percent_nans": 0.068587105624142664,
  "postpro_time": 26.690711,
  "analysis_time": 731.956677
}
