{
  "percent_nans": 0.068587105624142664,
  "postpro_time": 25.077865,
  "analysis_time": 727.446467
}
