{
  "percent_nans": 18.029866666666667,
  "n_combos": 93750,
  "geom_sweep_analysis_time": 1792.189375,
  "postpro_time": 2197.535755,
  "analysis_time": 1792.78385
}
