{
  "percent_nans": 0.068587105624142664,
  "postpro_time": 43.24091,
  "analysis_time": 788.411177
}
