{
  "percent_nans": 0.0823045267489712,
  "postpro_time": 24.895404,
  "analysis_time": 132.200878
}
