{
  "percent_nans": 13.64883401920439,
  "postpro_time": 24.623147,
  "analysis_time": 232.96008
}
