{
  "percent_nans": 0.0823045267489712,
  "postpro_time": 27.058013,
  "analysis_time": 684.199991
}
