{
  "percent_nans": 0.068587105624142664,
  "postpro_time": 29.313244,
  "analysis_time": 934.693348
}
