{
  "percent_nans": 18.0288,
  "n_combos": 93750,
  "geom_sweep_analysis_time": 1287.509148,
  "postpro_time": 6777.300188,
  "analysis_time": 1288.024655
}
