{
  "percent_nans": 0.16460905349794239,
  "postpro_time": 29.636097,
  "analysis_time": 3722.517055
}
