{
  "percent_nans": 0.068587105624142664,
  "postpro_time": 24.198966,
  "analysis_time": 711.34013
}
