{
  "percent_nans": 18.029866666666667,
  "n_combos": 93750,
  "geom_sweep_analysis_time": 2739.589224,
  "postpro_time": 3898.895227,
  "analysis_time": 2740.645707
}
