{
  "percent_nans": 18.0288,
  "n_combos": 93750,
  "geom_sweep_analysis_time": 1272.481722,
  "postpro_time": 2719.078493,
  "analysis_time": 1273.003589
}
