{
  "percent_nans": 0.068587105624142664,
  "postpro_time": 27.852268,
  "analysis_time": 711.268382
}
