{
  "percent_nans": 18.029866666666667,
  "n_combos": 93750,
  "geom_sweep_analysis_time": 1503.944251,
  "postpro_time": 1950.114883,
  "analysis_time": 1504.440468
}
