{
  "percent_nans": 0.0823045267489712,
  "postpro_time": 29.698176,
  "analysis_time": 152.747922
}
