{
  "percent_nans": 13.64883401920439,
  "postpro_time": 23.866172,
  "analysis_time": 257.506671
}
