{
  "percent_nans": 13.456790123456789,
  "postpro_time": 23.79892,
  "analysis_time": 1999.683252
}
