{
  "percent_nans": 14.142661179698218,
  "postpro_time": 26.735367,
  "analysis_time": 202.510176
}
