{
  "percent_nans": 14.142661179698218,
  "postpro_time": 25.122824,
  "analysis_time": 175.876088
}
