{
  "percent_nans": 0.0823045267489712,
  "postpro_time": 39.59518,
  "analysis_time": 211.727372
}
