{
  "percent_nans": 0.068587105624142664,
  "postpro_time": 31.983834,
  "analysis_time": 819.044001
}
