{
  "percent_nans": 0.15089163237311384,
  "postpro_time": 25.798007,
  "analysis_time": 2737.115443
}
