{
  "percent_nans": 13.456790123456789,
  "postpro_time": 32.666488,
  "analysis_time": 372.81208
}
