{
  "percent_nans": 0.068587105624142664,
  "postpro_time": 37.36789,
  "analysis_time": 911.019201
}
