{
  "percent_nans": 0.068587105624142664,
  "postpro_time": 30.417135,
  "analysis_time": 739.82194
}
