{
  "percent_nans": 13.64883401920439,
  "postpro_time": 25.184599,
  "analysis_time": 279.41574
}
