{
  "percent_nans": 0.068587105624142664,
  "postpro_time": 27.540516,
  "analysis_time": 846.663335
}
