{
  "percent_nans": 18.029866666666667,
  "n_combos": 93750,
  "postpro_time": 2106.198193,
  "geom_sweep_analysis_time": 1446.594815
}
