{
  "percent_nans": 0.0823045267489712,
  "postpro_time": 24.687469,
  "analysis_time": 131.517729
}
