{
  "percent_nans": 0.0823045267489712,
  "postpro_time": 17.247568,
  "analysis_time": 684.199991
}
