{
  "percent_nans": 13.64883401920439,
  "postpro_time": 49.766765,
  "analysis_time": 229.772764
}
