{
  "percent_nans": 0.0823045267489712,
  "postpro_time": 23.670473,
  "analysis_time": 145.158448
}
