{
  "percent_nans": 14.142661179698218,
  "postpro_time": 23.646586,
  "analysis_time": 165.700789
}
