{
  "percent_nans": 13.64883401920439,
  "postpro_time": 27.204805,
  "analysis_time": 229.772764
}
