{
  "percent_nans": 13.196159122085048,
  "postpro_time": 19.079929,
  "analysis_time": 408.344786
}
