{
  "percent_nans": 13.64883401920439,
  "postpro_time": 27.390659,
  "analysis_time": 279.41574
}
