{
  "percent_nans": 0.10973936899862825,
  "postpro_time": 27.286433,
  "analysis_time": 6444.97546
}
