{
<<<<<<< HEAD
  "percent_nans": 3.2098765432098766,
  "postpro_time": 24.372533,
  "analysis_time": 5940.403322
=======
  "percent_nans": 0.0823045267489712,
  "postpro_time": 25.521226,
  "analysis_time": 693.826769
>>>>>>> origin/main
}
