{
  "percent_nans": 0.068587105624142664,
  "postpro_time": 44.773163,
  "analysis_time": 1125.323119
}
