{
  "percent_nans": 0.0823045267489712,
  "postpro_time": 21.392689,
  "analysis_time": 684.199991
}
