{
  "percent_nans": 0.068587105624142664,
  "postpro_time": 39.406756,
  "analysis_time": 261.824809
}
