{
  "percent_nans": 14.142661179698218,
  "postpro_time": 28.152026,
  "analysis_time": 210.429502
}
