{
  "percent_nans": 100,
  "postpro_time": 25.840947,
  "analysis_time": 131.453852
}
