{
  "percent_nans": 22.002743484224965,
  "postpro_time": 37.149188,
  "analysis_time": 1023.276312
}
