{
  "percent_nans": 14.142661179698218,
  "postpro_time": 20.028243,
  "analysis_time": 166.491044
}
