{
  "percent_nans": 13.64883401920439,
  "postpro_time": 23.870854,
  "analysis_time": 232.96008
}
