{
  "percent_nans": 13.196159122085048,
  "postpro_time": 8.383068,
  "analysis_time": 428.13745
}
