{
  "percent_nans": 8.97119341563786,
  "postpro_time": 28.940788,
  "analysis_time": 477.651758
}
