{
  "percent_nans": 18.029866666666667,
  "n_combos": 93750,
  "geom_sweep_analysis_time": 1502.834633,
  "postpro_time": 2062.024983,
  "analysis_time": 1503.358973
}
