{
  "percent_nans": 13.64883401920439,
  "postpro_time": 23.823899,
  "analysis_time": 221.413349
}
