{
  "percent_nans": 13.64883401920439,
  "postpro_time": 29.761141,
  "analysis_time": 325.941726
}
