{
  "percent_nans": 0.068587105624142664,
  "postpro_time": 42.271037,
  "analysis_time": 963.548133
}
