{
  "percent_nans": 18.029866666666667,
  "n_combos": 93750,
  "geom_sweep_analysis_time": 3067.814949,
  "postpro_time": 5442.699602,
  "analysis_time": 3068.490157
}
