{
  "percent_nans": 0.15089163237311384,
  "postpro_time": 28.658345,
  "analysis_time": 3071.328676
}
