{
  "percent_nans": 13.64883401920439,
  "postpro_time": 25.79957,
  "analysis_time": 232.333279
}
