{
  "percent_nans": 13.456790123456789,
  "postpro_time": 25.07528,
  "analysis_time": 244.096299
}
