{
  "percent_nans": 0.0823045267489712,
  "postpro_time": 26.221397,
  "analysis_time": 141.561116
}
