{
  "percent_nans": 18.0288,
  "n_combos": 93750,
  "geom_sweep_analysis_time": 1160.740841,
  "postpro_time": 2162.282726,
  "analysis_time": 1161.219393
}
