{
  "percent_nans": 13.64883401920439,
  "postpro_time": 23.934512,
  "analysis_time": 279.41574
}
