{
  "percent_nans": 0.0823045267489712,
  "postpro_time": 26.053791,
  "analysis_time": 152.747922
}
