{
  "percent_nans": 14.142661179698218,
  "postpro_time": 50.038484,
  "analysis_time": 273.915478
}
