{
  "percent_nans": 18.0288,
  "n_combos": 93750,
  "geom_sweep_analysis_time": 2214.832584,
  "postpro_time": 2183.313072,
  "analysis_time": 2215.297068
}
