{
  "percent_nans": 18.029866666666667,
  "n_combos": 93750,
  "geom_sweep_analysis_time": 3088.981901,
  "postpro_time": 4963.29701,
  "analysis_time": 3089.578476
}
