{
  "percent_nans": 18.0288,
  "n_combos": 93750,
  "geom_sweep_analysis_time": 1177.573623,
  "postpro_time": 2159.123967,
  "analysis_time": 1178.055716
}
