{
  "percent_nans": 18.0288,
  "n_combos": 93750,
  "geom_sweep_analysis_time": 2223.070089,
  "postpro_time": 6012.460125,
  "analysis_time": 2223.641615
}
