{
  "percent_nans": 14.142661179698218,
  "postpro_time": 24.426913,
  "analysis_time": 172.919596
}
