{
  "percent_nans": 0.0823045267489712,
  "postpro_time": 26.259289,
  "analysis_time": 148.601158
}
