{
  "percent_nans": 0.15089163237311384,
  "postpro_time": 25.079435,
  "analysis_time": 2660.402483
}
