{
  "percent_nans": 0.068587105624142664,
  "postpro_time": 43.902078,
  "analysis_time": 805.621232
}
