{
  "percent_nans": 0.0823045267489712,
  "postpro_time": 25.521226,
  "analysis_time": 693.826769
}
