{
  "percent_nans": 0.0823045267489712,
  "postpro_time": 21.329475,
  "analysis_time": 138.865001
}
