{
  "percent_nans": 14.142661179698218,
  "postpro_time": 32.185914,
  "analysis_time": 247.809726
}
