{
  "percent_nans": 13.64883401920439,
  "postpro_time": 25.197891,
  "analysis_time": 226.768964
}
