{
  "percent_nans": 0.068587105624142664,
  "postpro_time": 27.159009,
  "analysis_time": 751.595348
}
