{
  "percent_nans": 13.64883401920439,
  "postpro_time": 26.008191,
  "analysis_time": 232.96008
}
