{
  "percent_nans": 0.0823045267489712,
  "postpro_time": 48.471454,
  "analysis_time": 162.447838
}
