{
  "percent_nans": 0.0823045267489712,
  "postpro_time": 24.570083,
  "analysis_time": 140.204096
}
