{
  "percent_nans": 0.0823045267489712,
  "postpro_time": 21.851839,
  "analysis_time": 129.615258
}
