{
  "percent_nans": 14.142661179698218,
  "postpro_time": 23.743773,
  "analysis_time": 166.491044
}
