{
  "percent_nans": 18.0288,
  "n_combos": 93750,
  "geom_sweep_analysis_time": 1435.062389,
  "postpro_time": 2061.49078,
  "analysis_time": 1435.562917
}
