{
  "percent_nans": 0.10973936899862825,
  "postpro_time": 28.598919,
  "analysis_time": 5302.173714
}
