{
  "percent_nans": 14.142661179698218,
  "postpro_time": 32.320146,
  "analysis_time": 273.915478
}
