{
  "percent_nans": 13.64883401920439,
  "postpro_time": 25.061728,
  "analysis_time": 229.772764
}
