{
  "percent_nans": 0.10973936899862825,
  "postpro_time": 24.909516,
  "analysis_time": 539.71043
}
