{
  "percent_nans": 0.068587105624142664,
  "postpro_time": 29.103648,
  "analysis_time": 772.175565
}
