{
  "percent_nans": 18.029866666666667,
  "n_combos": 93750,
  "geom_sweep_analysis_time": 1420.471154,
  "postpro_time": 1835.956964,
  "analysis_time": 1420.95846
}
