{
  "percent_nans": 100,
  "n_combos": 93750,
  "geom_sweep_analysis_time": 2744.448751,
  "postpro_time": 4842.3074,
  "analysis_time": 2745.305674
}
