{
  "percent_nans": 0.0823045267489712,
  "postpro_time": 25.752903,
  "analysis_time": 728.884617
}
