{
  "percent_nans": 0.068587105624142664,
  "postpro_time": 35.919255,
  "analysis_time": 1050.468563
}
