{
  "percent_nans": 18.029866666666667,
  "n_combos": 93750,
  "geom_sweep_analysis_time": 2658.790925,
  "postpro_time": 2117.105488,
  "analysis_time": 2659.273994
}
