{
  "percent_nans": 0.068587105624142664,
  "postpro_time": 29.810068,
  "analysis_time": 814.645401
}
