{
  "percent_nans": 0.0823045267489712,
  "postpro_time": 31.259165,
  "analysis_time": 225.25704
}
