{
  "percent_nans": 0.0823045267489712,
  "postpro_time": 27.871436,
  "analysis_time": 142.35412
}
