{
  "percent_nans": 22.139917695473251,
  "postpro_time": 24.85261,
  "analysis_time": 815.790912
}
