{
  "percent_nans": 0.068587105624142664,
  "postpro_time": 39.817705,
  "analysis_time": 773.150645
}
