{
  "percent_nans": 18.029866666666667,
  "n_combos": 93750,
  "geom_sweep_analysis_time": 1969.123111,
  "postpro_time": 2602.345805,
  "analysis_time": 1969.804444
}
