{
  "percent_nans": 13.64883401920439,
  "postpro_time": 24.43081,
  "analysis_time": 207.315582
}
