{
  "percent_nans": 13.64883401920439,
  "postpro_time": 56.79399,
  "analysis_time": 675.78985
}
