{
  "percent_nans": 0.068587105624142664,
  "postpro_time": 26.647868,
  "analysis_time": 872.648175
}
