{
  "percent_nans": 0.0823045267489712,
  "postpro_time": 26.437345,
  "analysis_time": 684.199991
}
