{
  "percent_nans": 0.068587105624142664,
  "postpro_time": 28.523035,
  "analysis_time": 1030.18996
}
