{
  "percent_nans": 100,
  "n_combos": 93750,
  "geom_sweep_analysis_time": 3271.195673,
  "postpro_time": 2156.195209,
  "analysis_time": 3271.772126
}
