{
  "percent_nans": 13.64883401920439,
  "postpro_time": 25.174524,
  "analysis_time": 231.661412
}
