{
  "percent_nans": 0.068587105624142664,
  "postpro_time": 39.940495,
  "analysis_time": 892.130891
}
