{
  "percent_nans": 3.2098765432098766,
  "postpro_time": 24.372533,
  "analysis_time": 5940.403322
}
