{
  "percent_nans": 14.142661179698218,
  "postpro_time": 21.858346,
  "analysis_time": 166.491044
}
