{
  "percent_nans": 14.142661179698218,
  "postpro_time": 24.700757,
  "analysis_time": 173.623238
}
