{
  "percent_nans": 14.142661179698218,
  "postpro_time": 23.916966,
  "analysis_time": 169.526338
}
