{
  "percent_nans": 0.068587105624142664,
  "postpro_time": 27.01409,
  "analysis_time": 155.106082
}
