{
  "percent_nans": 0.0823045267489712,
  "postpro_time": 51.439118,
  "analysis_time": 262.150312
}
