{
  "percent_nans": 0.0823045267489712,
  "postpro_time": 26.196992,
  "analysis_time": 162.447838
}
