{
  "percent_nans": 0.068587105624142664,
  "postpro_time": 37.123454,
  "analysis_time": 978.122324
}
