{
  "percent_nans": 0.068587105624142664,
  "postpro_time": 24.88883,
  "analysis_time": 707.44316
}
