{
  "percent_nans": 13.64883401920439,
  "postpro_time": 43.545008,
  "analysis_time": 435.619832
}
