{
  "percent_nans": 0.068587105624142664,
  "postpro_time": 24.368534,
  "analysis_time": 685.001684
}
