{
  "percent_nans": 0.10973936899862825,
  "postpro_time": 35.067438,
  "analysis_time": 539.71043
}
