{
  "nominalLCOE": 0.76261826088912388,
  "surgeForceFloatNominal": 9.9441402725673318E+6,
  "surgeForceSparNominal": 2.528568318745207E+6,
  "capexDesignNominal": 2.1885671795484787E+6,
  "powerAvgNominal": 84600.518804349049,
  "postpro_time": 0.004787,
  "analysis_time": 14.767415
}
