{
  "nominalLCOE": 16323.148698442319,
  "surgeForceFloatNominal": 9.9441402725673318E+6,
  "surgeForceSparNominal": 2.528568318745207E+6,
  "capexDesignNominal": 9.1664516142233276E+10,
  "powerAvgNominal": 77756.430768732927,
  "postpro_time": 0.005204,
  "analysis_time": 15.641221
}
