{
  "nominalLCOE": 0.88625613919742663,
  "surgeForceFloatNominal": 9.9441402725673318E+6,
  "surgeForceSparNominal": 2.528568318745207E+6,
  "capexDesignNominal": 2.1901143223833675E+6,
  "powerAvgNominal": 72822.426330914386,
  "postpro_time": 0.701922,
  "analysis_time": 71.075268
}
