{
  "nominalLCOE": 1.3034815937978637,
  "surgeForceFloatNominal": 9.9441402725673318E+6,
  "surgeForceSparNominal": 2.528568318745207E+6,
  "capexDesignNominal": 2.495384791136927E+6,
  "powerAvgNominal": 52755.732447327617,
  "postpro_time": 0.005756,
  "analysis_time": 23.837038
}
