{
  "nominalLCOE": 0.82185007306559177,
  "surgeForceFloatNominal": 9.9441402725673318E+6,
  "surgeForceSparNominal": 2.528568318745207E+6,
  "capexDesignNominal": 2.1741332457388574E+6,
  "powerAvgNominal": 78260.07323601158,
  "postpro_time": 0.026722,
  "analysis_time": 28.414853
}
