{
  "nominalLCOE": 15.945207049885243,
  "surgeForceFloatNominal": 9.9441402725673318E+6,
  "surgeForceSparNominal": 2.528568318745207E+6,
  "capexDesignNominal": 2.0958115015962657E+6,
  "powerAvgNominal": 3965.680497371513,
  "postpro_time": 0.008471,
  "analysis_time": 75.733181
}
