{
  "nominalLCOE": 0.82258506630988582,
  "surgeForceFloatNominal": 9.9441402725673318E+6,
  "surgeForceSparNominal": 2.528568318745207E+6,
  "capexDesignNominal": 2.174040302441021E+6,
  "powerAvgNominal": 78188.582117057114,
  "postpro_time": 0.00525,
  "analysis_time": 42.78348
}
