{
  "nominalLCOE": 0.6823676363861626,
  "surgeForceFloatNominal": 9.9441402725673318E+6,
  "surgeForceSparNominal": 2.528568318745207E+6,
  "capexDesignNominal": 2.1881184696404659E+6,
  "powerAvgNominal": 94540.9544665504,
  "postpro_time": 0.004855,
  "analysis_time": 13.530487
}
