{
  "nominalLCOE": 0.76004094557957,
  "surgeForceFloatNominal": 9.9441402725673318E+6,
  "surgeForceSparNominal": 2.528568318745207E+6,
  "capexDesignNominal": 2.1365456191917094E+6,
  "powerAvgNominal": 83939.694885122066,
  "postpro_time": 1.41077,
  "analysis_time": 23.064009
}
