{
  "nominalLCOE": 0.75344583023187728,
  "surgeForceFloatNominal": 9.9441402725673318E+6,
  "surgeForceSparNominal": 2.528568318745207E+6,
  "capexDesignNominal": 2.1818310170215485E+6,
  "powerAvgNominal": 85506.652757121978,
  "postpro_time": 0.653073,
  "analysis_time": 14.200108
}
