{
  "nominalLCOE": 0.88625613910596823,
  "surgeForceFloatNominal": 9.9441402725673318E+6,
  "surgeForceSparNominal": 2.528568318745207E+6,
  "capexDesignNominal": 2.1901143219023482E+6,
  "powerAvgNominal": 72822.426330914372,
  "postpro_time": 0.759536,
  "analysis_time": 82.751721
}
