{
<<<<<<< HEAD
  "nominalLCOE": 0.69285097838565424,
  "surgeForceFloatNominal": 9.9441402725673318E+6,
  "surgeForceSparNominal": 2.528568318745207E+6,
  "capexDesignNominal": 2.1072678801586023E+6,
  "powerAvgNominal": 91494.743752761133,
  "postpro_time": 0.006206,
  "analysis_time": 46.130715
=======
  "nominalLCOE": 0.75448519259051872,
  "surgeForceFloatNominal": 9.9441402725673318E+6,
  "surgeForceSparNominal": 2.528568318745207E+6,
  "capexDesignNominal": 2.1729275948277656E+6,
  "powerAvgNominal": 85225.467619479721,
  "postpro_time": 0.004644,
  "analysis_time": 21.002605
>>>>>>> origin/main
}
