{
  "nominalLCOE": 0.75448519259051872,
  "surgeForceFloatNominal": 9.9441402725673318E+6,
  "surgeForceSparNominal": 2.528568318745207E+6,
  "capexDesignNominal": 2.1729275948277656E+6,
  "powerAvgNominal": 85225.467619479721,
  "postpro_time": 0.004876,
  "analysis_time": 21.343114
}
