{
  "nominalLCOE": 0.75030618551747363,
  "surgeForceFloatNominal": 9.9441402725673318E+6,
  "surgeForceSparNominal": 2.528568318745207E+6,
  "capexDesignNominal": 2.172928389958607E+6,
  "powerAvgNominal": 85700.165613868026,
  "postpro_time": 0.005026,
  "analysis_time": 21.826979
}
