{
  "nominalLCOE": 3.7144246843883191,
  "surgeForceFloatNominal": 9.9441402725673318E+6,
  "surgeForceSparNominal": 2.528568318745207E+6,
  "capexDesignNominal": 2.0907626293759639E+6,
  "powerAvgNominal": 17004.97245969189,
  "postpro_time": 0.004412,
  "analysis_time": 12.081863
}
