{
  "nominalLCOE": 0.73984877148024,
  "surgeForceFloatNominal": 9.9441402725673318E+6,
  "surgeForceSparNominal": 2.528568318745207E+6,
  "capexDesignNominal": 2.1881184696404659E+6,
  "powerAvgNominal": 87195.775850193211,
  "postpro_time": 0.004788,
  "analysis_time": 14.495962
}
