{
  "nominalLCOE": 0.8862561391974273,
  "surgeForceFloatNominal": 9.9441402725673318E+6,
  "surgeForceSparNominal": 2.528568318745207E+6,
  "capexDesignNominal": 2.19011432238337E+6,
  "powerAvgNominal": 72822.426330914372,
  "postpro_time": 0.73851,
  "analysis_time": 80.583542
}
