{
  "nominalLCOE": 0.75718859713809739,
  "surgeForceFloatNominal": 9.9441402725673318E+6,
  "surgeForceSparNominal": 2.528568318745207E+6,
  "capexDesignNominal": 2.164741239269014E+6,
  "powerAvgNominal": 84771.48829125434,
  "postpro_time": 0.005002,
  "analysis_time": 14.238598
}
