{
  "nominalLCOE": 0.87143598622777607,
  "surgeForceFloatNominal": 9.9441402725673318E+6,
  "surgeForceSparNominal": 2.528568318745207E+6,
  "capexDesignNominal": 2.1901143219023077E+6,
  "powerAvgNominal": 74060.887340375572,
  "postpro_time": 0.651921,
  "analysis_time": 13.958019
}
