{
  "nominalLCOE": 0.73996945355597032,
  "surgeForceFloatNominal": 9.9441402725673318E+6,
  "surgeForceSparNominal": 2.528568318745207E+6,
  "capexDesignNominal": 2.1781090846566753E+6,
  "powerAvgNominal": 86994.262316870329,
  "postpro_time": 0.004707,
  "analysis_time": 49.053862
}
