{
  "nominalLCOE": 1.0557747396721069,
  "surgeForceFloatNominal": 9.9441402725673318E+6,
  "surgeForceSparNominal": 2.528568318745207E+6,
  "capexDesignNominal": 2.1633520749542876E+6,
  "powerAvgNominal": 60778.845510076339,
  "postpro_time": 0.004873,
  "analysis_time": 17.637087
}
