{
  "nominalLCOE": 0.89478702459880066,
  "surgeForceFloatNominal": 9.9441402725673318E+6,
  "surgeForceSparNominal": 2.528568318745207E+6,
  "capexDesignNominal": 2.2058750237701549E+6,
  "powerAvgNominal": 72372.022380715178,
  "postpro_time": 0.779093,
  "analysis_time": 38.539609
}
