{
  "nominalLCOE": 0.77552919794606523,
  "surgeForceFloatNominal": 9.9441402725673318E+6,
  "surgeForceSparNominal": 2.528568318745207E+6,
  "capexDesignNominal": 2.1901143219023482E+6,
  "powerAvgNominal": 83219.719607324718,
  "postpro_time": 0.715433,
  "analysis_time": 78.598137
}
