{
  "nominalLCOE": 3.7906381048616877,
  "surgeForceFloatNominal": 9.9441402725673318E+6,
  "surgeForceSparNominal": 2.528568318745207E+6,
  "capexDesignNominal": 2.090411430256729E+6,
  "powerAvgNominal": 16661.79281118168,
  "postpro_time": 0.004439,
  "analysis_time": 12.320965
}
