{
  "nominalLCOE": 0.76232744297188493,
  "surgeForceFloatNominal": 9.9441402725673318E+6,
  "surgeForceSparNominal": 2.528568318745207E+6,
  "capexDesignNominal": 2.1762532252414445E+6,
  "powerAvgNominal": 84409.135388249313,
  "postpro_time": 0.004603,
  "analysis_time": 18.936982
}
