{
  "nominalLCOE": 0.88625613919742285,
  "surgeForceFloatNominal": 9.9441402725673318E+6,
  "surgeForceSparNominal": 2.528568318745207E+6,
  "capexDesignNominal": 2.1901143223833465E+6,
  "powerAvgNominal": 72822.426330914372,
  "postpro_time": 1.291842,
  "analysis_time": 110.430474
}
