{
  "nominalLCOE": 1.1313124211813819,
  "surgeForceFloatNominal": 9.9441402725673318E+6,
  "surgeForceSparNominal": 2.528568318745207E+6,
  "capexDesignNominal": 2.1689530862450092E+6,
  "powerAvgNominal": 56789.195208668367,
  "postpro_time": 0.726946,
  "analysis_time": 74.382702
}
