{
  "nominalLCOE": 0.71925124417452269,
  "surgeForceFloatNominal": 9.9441402725673318E+6,
  "surgeForceSparNominal": 2.528568318745207E+6,
  "capexDesignNominal": 2.1768889181012618E+6,
  "powerAvgNominal": 89476.664418370943,
  "postpro_time": 0.00441,
  "analysis_time": 41.234971
}
