{
  "convergence_achieved": true,
  "minLCOE": 0.404362305061663,
  "powerAvgAtMinLCOE": 128887.02016198773,
  "powerMaxAtMinLCOE": 429832.54655646317,
  "forceMaxAtMinLCOE": 9.0351220643133838E+6,
  "structMassAtMinLCOE": 286014.16860857583,
  "capexAtMinLCOE": 2.9508916690147871E+8,
  "capexDesignAtMinLCOE": 1.2929465539737709E+6,
  "DfoptMinLCOE": 26.871417820867503,
  "surgeForceFloatAtMinLCOE": 3.0825871899910841E+7,
  "surgeForceSparAtMinLCOE": 2.1110153055202803E+6,
  "lowestFmaxFactorMinLCOE": 0.00059195906252723109,
  "lowestFsatMinLCOE": null,
  "singleObjIters": 79,
  "singleObjFcnEvals": 1181,
  "singleObjRuntime": 1541.243056,
  "powerLossForceSatMinLCOE": -245.20755784443463,
  "pctPowerLossForceSatMinLCOE": -0.19061264209560505,
  "pctPTOSavingsForceSatMinLCOE": 0,
  "pctImproveLCOEForceSatMinLCOE": 0.19025000154105726,
  "optDesignDescriptionMinLCOE": null,
  "postpro_time": 33.614745,
  "analysis_time": 1541.250291
}
