{
  "convergence_achieved": false,
  "minLCOE": 0.42116586151067331,
  "powerAvgAtMinLCOE": 164250.44426769056,
  "powerMaxAtMinLCOE": 540259.222105581,
  "forceMaxAtMinLCOE": 2.0289150999040257E+7,
  "structMassAtMinLCOE": 706609.9327404676,
  "capexAtMinLCOE": 4.1829811299605191E+8,
  "capexDesignAtMinLCOE": 2.5250360149195022E+6,
  "DfoptMinLCOE": 69.157992934827561,
  "surgeForceFloatAtMinLCOE": 2.1386023730703118E+8,
  "surgeForceSparAtMinLCOE": 2.6957330796558647E+6,
  "lowestFmaxFactorMinLCOE": 0.0085048418829328926,
  "lowestFsatMinLCOE": null,
  "singleObjIters": 65,
  "singleObjFcnEvals": 1607,
  "singleObjRuntime": 3008.813377,
  "powerLossForceSatMinLCOE": -0.0098271145834587514,
  "pctPowerLossForceSatMinLCOE": -5.9830067524199421E-6,
  "pctPTOSavingsForceSatMinLCOE": 0,
  "pctImproveLCOEForceSatMinLCOE": 5.983006395293539E-6,
  "optDesignDescriptionMinLCOE": null,
  "postpro_time": 59.548597,
  "analysis_time": 3008.819557
}
