{
  "convergence_achieved": true,
  "minLCOE": 0.65068937019772355,
  "powerAvgAtMinLCOE": 90043.8242918971,
  "powerMaxAtMinLCOE": 444126.28952973493,
  "forceMaxAtMinLCOE": 8.6168269907728713E+6,
  "structMassAtMinLCOE": 463795.76835012285,
  "capexAtMinLCOE": 3.4184247110232979E+8,
  "capexDesignAtMinLCOE": 1.7604795959822815E+6,
  "DfoptMinLCOE": 22.212635550181453,
  "surgeForceFloatAtMinLCOE": 2.1111430302376237E+7,
  "surgeForceSparAtMinLCOE": 2.1053143157813712E+6,
  "lowestFmaxFactorMinLCOE": null,
  "lowestFsatMinLCOE": null,
  "optDesignDescriptionMinLCOE": null,
  "postpro_time": 56.48879,
  "analysis_time": 2197.860463
}
