{
  "convergence_achieved": true,
  "minLCOE": 0.55104854758916955,
  "powerAvgAtMinLCOE": 91520.490805988244,
  "powerMaxAtMinLCOE": 395575.77790913556,
  "forceMaxAtMinLCOE": 8.6158420143521316E+6,
  "structMassAtMinLCOE": 252859.9833860276,
  "capexAtMinLCOE": 2.8292097742956513E+8,
  "capexDesignAtMinLCOE": 1.1712646592546348E+6,
  "DfoptMinLCOE": 22.440499369479092,
  "surgeForceFloatAtMinLCOE": 2.1733409935582045E+7,
  "surgeForceSparAtMinLCOE": 2.0856287676991636E+6,
  "lowestFmaxFactorMinLCOE": 0.00033818865824297663,
  "lowestFsatMinLCOE": null,
  "singleObjIters": 89,
  "singleObjFcnEvals": 1347,
  "singleObjRuntime": 1517.903109,
  "powerLossForceSatMinLCOE": 1.1641532182693481E-9,
  "pctPowerLossForceSatMinLCOE": 1.2720137403296814E-12,
  "pctPTOSavingsForceSatMinLCOE": 0,
  "pctImproveLCOEForceSatMinLCOE": -1.2692901715718168E-12,
  "optDesignDescriptionMinLCOE": null,
  "postpro_time": 35.085851,
  "analysis_time": 1517.907845
}
