{
  "convergence_achieved": false,
  "minLCOE": 0.9100625140868267,
  "powerAvgAtMinLCOE": 75783.1236163409,
  "powerMaxAtMinLCOE": 399084.56505676988,
  "forceMaxAtMinLCOE": 8.35527982022502E+6,
  "structMassAtMinLCOE": 771259.09370851645,
  "capexAtMinLCOE": 4.1678649643481213E+8,
  "capexDesignAtMinLCOE": 2.5099198493071049E+6,
  "DfoptMinLCOE": 20.59619718015891,
  "surgeForceFloatAtMinLCOE": 1.5160798455010604E+7,
  "surgeForceSparAtMinLCOE": 2.2552130208145669E+6,
  "lowestFmaxFactorMinLCOE": 0.00014139290026930518,
  "lowestFsatMinLCOE": null,
  "singleObjIters": 16,
  "singleObjFcnEvals": 275,
  "singleObjRuntime": 70.192647,
  "powerLossForceSatMinLCOE": 0.57239813987689558,
  "pctPowerLossForceSatMinLCOE": 0.00075530512495394981,
  "pctPTOSavingsForceSatMinLCOE": 0,
  "pctImproveLCOEForceSatMinLCOE": -0.00075531082983893675,
  "optDesignDescriptionMinLCOE": null,
  "postpro_time": 19.652957,
  "analysis_time": 70.197799
}
