{
  "convergence_achieved": true,
  "minLCOE": 0.85788158879003729,
  "powerAvgAtMinLCOE": 81534.531981576743,
  "powerMaxAtMinLCOE": 307959.2662121444,
  "forceMaxAtMinLCOE": 8.4008409026589487E+6,
  "structMassAtMinLCOE": 827970.15249020851,
  "capexAtMinLCOE": 4.2386143622077686E+8,
  "capexDesignAtMinLCOE": 2.5806692471667519E+6,
  "DfoptMinLCOE": 21.802479863468566,
  "surgeForceFloatAtMinLCOE": 2.0590724701818783E+7,
  "surgeForceSparAtMinLCOE": 2.0757256417082532E+6,
  "lowestFmaxFactorMinLCOE": 0.00040013024145957955,
  "lowestFsatMinLCOE": null,
  "singleObjIters": 4,
  "singleObjFcnEvals": 79,
  "singleObjRuntime": 125.047149,
  "powerLossForceSatMinLCOE": 0.12236682434740942,
  "pctPowerLossForceSatMinLCOE": 0.00015007952793241841,
  "pctPTOSavingsForceSatMinLCOE": 0,
  "pctImproveLCOEForceSatMinLCOE": -0.00015007975318010223,
  "optDesignDescriptionMinLCOE": null,
  "postpro_time": 51.380327,
  "analysis_time": 125.052114
}
