{
  "convergence_achieved": true,
  "minLCOE": 0.83075862561694025,
  "powerAvgAtMinLCOE": 62344.279994080352,
  "powerMaxAtMinLCOE": 348145.95509897603,
  "forceMaxAtMinLCOE": 1.691841485155502E+7,
  "structMassAtMinLCOE": 317100.4779816675,
  "capexAtMinLCOE": 2.9274912654807788E+8,
  "capexDesignAtMinLCOE": 1.269546150439762E+6,
  "DfoptMinLCOE": 19.292433824096225,
  "surgeForceFloatAtMinLCOE": 1.7913031074203685E+7,
  "surgeForceSparAtMinLCOE": 1.9345174639018935E+6,
  "lowestFmaxFactorMinLCOE": null,
  "lowestFsatMinLCOE": null,
  "optDesignDescriptionMinLCOE": null,
  "postpro_time": 21.607076,
  "analysis_time": 936.239664
}
