{
  "convergence_achieved": false,
  "minLCOE": 0.91006251439579922,
  "powerAvgAtMinLCOE": 75783.123667532083,
  "powerMaxAtMinLCOE": 399084.56885381171,
  "forceMaxAtMinLCOE": 8.3552798204997675E+6,
  "structMassAtMinLCOE": 771259.09451653645,
  "capexAtMinLCOE": 4.1678649694038481E+8,
  "capexDesignAtMinLCOE": 2.5099198543628315E+6,
  "DfoptMinLCOE": 20.596197180662514,
  "surgeForceFloatAtMinLCOE": 1.5160798456915619E+7,
  "surgeForceSparAtMinLCOE": 2.255213020817399E+6,
  "lowestFmaxFactorMinLCOE": 0.00014139290115629962,
  "lowestFsatMinLCOE": null,
  "singleObjIters": 16,
  "singleObjFcnEvals": 275,
  "singleObjRuntime": 64.226048,
  "powerLossForceSatMinLCOE": 0.572398139804136,
  "pctPowerLossForceSatMinLCOE": 0.00075530512434773941,
  "pctPTOSavingsForceSatMinLCOE": 0,
  "pctImproveLCOEForceSatMinLCOE": -0.00075531082924091284,
  "optDesignDescriptionMinLCOE": null,
  "postpro_time": 37.574346,
  "analysis_time": 64.230879
}
