{
  "convergence_achieved": true,
  "minLCOE": 0.802595340099096,
  "powerAvgAtMinLCOE": 77837.7777510057,
  "powerMaxAtMinLCOE": 662761.55919581838,
  "forceMaxAtMinLCOE": 2.218648279148113E+7,
  "structMassAtMinLCOE": 514140.77770582645,
  "capexAtMinLCOE": 3.698769348625074E+8,
  "capexDesignAtMinLCOE": 2.0408242335840575E+6,
  "DfoptMinLCOE": 20.534757201408997,
  "surgeForceFloatAtMinLCOE": 2.0389413734601E+7,
  "surgeForceSparAtMinLCOE": 1.9294513377664408E+6,
  "lowestFmaxFactorMinLCOE": null,
  "lowestFsatMinLCOE": null,
  "optDesignDescriptionMinLCOE": null,
  "postpro_time": 17.19006,
  "analysis_time": 168.061253
}
