{
  "convergence_achieved": false,
  "minLCOE": 0.47559701193281428,
  "powerAvgAtMinLCOE": 135024.28744121268,
  "powerMaxAtMinLCOE": 862906.63480451272,
  "forceMaxAtMinLCOE": 9.6928185541748852E+6,
  "structMassAtMinLCOE": 488865.07854230679,
  "capexAtMinLCOE": 3.8247911607239109E+8,
  "capexDesignAtMinLCOE": 2.1668460456828941E+6,
  "DfoptMinLCOE": 26.41582741610155,
  "surgeForceFloatAtMinLCOE": 2.9094941656912487E+7,
  "surgeForceSparAtMinLCOE": 2.227243869033583E+6,
  "lowestFmaxFactorMinLCOE": 0.0022150237095735054,
  "lowestFsatMinLCOE": null,
  "singleObjIters": 60,
  "singleObjFcnEvals": 1034,
  "singleObjRuntime": 1298.493074,
  "powerLossForceSatMinLCOE": -88.235040983039653,
  "pctPowerLossForceSatMinLCOE": -0.065390264064735221,
  "pctPTOSavingsForceSatMinLCOE": 0,
  "pctImproveLCOEForceSatMinLCOE": 0.0653475331402588,
  "optDesignDescriptionMinLCOE": null,
  "postpro_time": 60.006236,
  "analysis_time": 1298.500664
}
