{
  "simRuntime": 1.0550357155,
  "pctRuntimeDynamics": 75.04259880267729,
  "pctRuntimeMEEM": 22.522182525697861,
  "pctRuntimeOther": 2.4352186716248525,
  "postpro_time": 4.117449,
  "analysis_time": 544.617099
}
