{
  "simRuntime": 0.2196377265,
  "pctRuntimeDynamics": 53.175660511911126,
  "pctRuntimeMEEM": 42.628636135738034,
  "pctRuntimeOther": 4.1957033523508471,
  "postpro_time": 5.220508,
  "analysis_time": 555.606792
}
