{
  "simRuntime": 0.69086974849999994,
  "pctRuntimeDynamics": 62.345469293268607,
  "pctRuntimeMEEM": 33.88963144143603,
  "pctRuntimeOther": 3.7648992652953552,
  "postpro_time": 3.860195,
  "analysis_time": 496.703894
}
