{
  "simRuntime": 1.514717742,
  "pctRuntimeDynamics": 82.722794625400283,
  "pctRuntimeMEEM": 15.57257957514441,
  "pctRuntimeOther": 1.7046257994553002,
  "postpro_time": 3.778009,
  "analysis_time": 496.031842
}
