{
  "simRuntime": 5.671087637,
  "pctRuntimeDynamics": 90.939996552434849,
  "pctRuntimeMEEM": 8.14050036810983,
  "pctRuntimeOther": 0.91950307945532472,
  "postpro_time": 5.262634,
  "analysis_time": 1847.856731
}
