{
  "simRuntime": 0.6110797575,
  "pctRuntimeDynamics": 62.575201395827875,
  "pctRuntimeMEEM": 33.49734269471795,
  "pctRuntimeOther": 3.9274559094541814,
  "postpro_time": 3.583496,
  "analysis_time": 428.77573
}
