{
  "simRuntime": 0.705363757,
  "pctRuntimeDynamics": 61.641972524085077,
  "pctRuntimeMEEM": 34.709796539697663,
  "pctRuntimeOther": 3.64823093621726,
  "postpro_time": 3.997647,
  "analysis_time": 508.667939
}
