{
  "simRuntime": 0.64216774749999994,
  "pctRuntimeDynamics": 61.585648879843745,
  "pctRuntimeMEEM": 34.619673484645837,
  "pctRuntimeOther": 3.7946776355104248,
  "postpro_time": 3.777262,
  "analysis_time": 462.829679
}
