{
  "simRuntime": 0.88800543349999994,
  "pctRuntimeDynamics": 61.305605108582959,
  "pctRuntimeMEEM": 35.15553099559299,
  "pctRuntimeOther": 3.5388638958240506,
  "postpro_time": 4.854656,
  "analysis_time": 702.431036
}
