{
  "simRuntime": 0.846552745,
  "pctRuntimeDynamics": 71.110935038938152,
  "pctRuntimeMEEM": 25.877184358588206,
  "pctRuntimeOther": 3.0118806024736386,
  "postpro_time": 3.770009,
  "analysis_time": 447.302926
}
