{
  "simRuntime": 0.1555007565,
  "pctRuntimeDynamics": 22.812851470641782,
  "pctRuntimeMEEM": 70.15354387249775,
  "pctRuntimeOther": 7.0336046568604615,
  "postpro_time": 3.477022,
  "analysis_time": 396.754542
}
