{
  "simRuntime": 0.17722172649999998,
  "pctRuntimeDynamics": 51.647302180977114,
  "pctRuntimeMEEM": 43.874818303694767,
  "pctRuntimeOther": 4.4778795153281123,
  "postpro_time": 3.805931,
  "analysis_time": 412.243491
}
