{
  "simRuntime": 0.813005726,
  "pctRuntimeDynamics": 65.748186042488925,
  "pctRuntimeMEEM": 31.180549855546474,
  "pctRuntimeOther": 3.0712641019646014,
  "postpro_time": 4.784321,
  "analysis_time": 661.073953
}
