{
  "simRuntime": 0.87801773499999991,
  "pctRuntimeDynamics": 69.991530908875916,
  "pctRuntimeMEEM": 27.091993358049315,
  "pctRuntimeOther": 2.9164757330747761,
  "postpro_time": 3.801314,
  "analysis_time": 491.645382
}
