{
  "simRuntime": 0.6529957585,
  "pctRuntimeDynamics": 62.650107121614681,
  "pctRuntimeMEEM": 33.493957076425247,
  "pctRuntimeOther": 3.8559358019600722,
  "postpro_time": 3.926932,
  "analysis_time": 474.031644
}
