{
  "simRuntime": 0.173755739,
  "pctRuntimeDynamics": 51.76722447821426,
  "pctRuntimeMEEM": 43.493375795668079,
  "pctRuntimeOther": 4.7393997261176537,
  "postpro_time": 3.010491,
  "analysis_time": 28.036338
}
