{
  "simRuntime": 0.7070657185,
  "pctRuntimeDynamics": 62.229004774624904,
  "pctRuntimeMEEM": 34.213585248053612,
  "pctRuntimeOther": 3.557409977321484,
  "postpro_time": 4.24481,
  "analysis_time": 524.774385
}
