{
  "simRuntime": 5.740434723,
  "pctRuntimeDynamics": 93.685777577390184,
  "pctRuntimeMEEM": 5.7543391956051053,
  "pctRuntimeOther": 0.55988322700471826,
  "postpro_time": 3.711275,
  "analysis_time": 704.718922
}
