{
  "simRuntime": 0.2206657145,
  "pctRuntimeDynamics": 31.051569624953686,
  "pctRuntimeMEEM": 61.971355727450714,
  "pctRuntimeOther": 6.9770746475956,
  "postpro_time": 3.577468,
  "analysis_time": 417.641252
}
