{
  "simRuntime": 0.61343476099999994,
  "pctRuntimeDynamics": 61.717847454034768,
  "pctRuntimeMEEM": 34.2721698346217,
  "pctRuntimeOther": 4.0099827113435254,
  "postpro_time": 3.796944,
  "analysis_time": 458.701063
}
