{
  "simRuntime": 0.9038666985,
  "pctRuntimeDynamics": 70.030968650101855,
  "pctRuntimeMEEM": 26.999809617982418,
  "pctRuntimeOther": 2.9692217319157237,
  "postpro_time": 4.001861,
  "analysis_time": 481.583897
}
