{
  "simRuntime": 0.21206271200000001,
  "pctRuntimeDynamics": 30.664807436612396,
  "pctRuntimeMEEM": 62.395410111048555,
  "pctRuntimeOther": 6.9397824523390454,
  "postpro_time": 3.410973,
  "analysis_time": 458.305253
}
