{
  "simRuntime": 0.151529717,
  "pctRuntimeDynamics": 22.624597037573121,
  "pctRuntimeMEEM": 69.9998164546267,
  "pctRuntimeOther": 7.375586507800179,
  "postpro_time": 3.47188,
  "analysis_time": 394.603606
}
