{
  "simRuntime": 0.209985702,
  "pctRuntimeDynamics": 32.101793914541851,
  "pctRuntimeMEEM": 60.9829327761355,
  "pctRuntimeOther": 6.9152733093226573,
  "postpro_time": 3.425987,
  "analysis_time": 396.820856
}
