{
  "simRuntime": 0.6885877345,
  "pctRuntimeDynamics": 62.556853173522711,
  "pctRuntimeMEEM": 33.802168705904215,
  "pctRuntimeOther": 3.6409781205730667,
  "postpro_time": 3.953426,
  "analysis_time": 498.247949
}
