{
  "simRuntime": 0.16314570850000001,
  "pctRuntimeDynamics": 51.813578565528353,
  "pctRuntimeMEEM": 43.402555953907545,
  "pctRuntimeOther": 4.7838654805641028,
  "postpro_time": 3.345172,
  "analysis_time": 331.009345
}
