{
  "simRuntime": 0.1508668125,
  "pctRuntimeDynamics": 23.0871100931238,
  "pctRuntimeMEEM": 69.5757462263892,
  "pctRuntimeOther": 7.3371436804870029,
  "postpro_time": 0.807478,
  "analysis_time": 361.349146
}
