{
  "simRuntime": 0.14846771949999998,
  "pctRuntimeDynamics": 21.392025858128207,
  "pctRuntimeMEEM": 70.932731387660013,
  "pctRuntimeOther": 7.67524275421178,
  "postpro_time": 3.348848,
  "analysis_time": 355.425999
}
