{
  "simRuntime": 0.580763802,
  "pctRuntimeDynamics": 74.974476818547956,
  "pctRuntimeMEEM": 22.57794430021158,
  "pctRuntimeOther": 2.44757888124046,
  "postpro_time": 3.621227,
  "analysis_time": 447.632129
}
