{
  "simRuntime": 0.1501157145,
  "pctRuntimeDynamics": 20.120224052224863,
  "pctRuntimeMEEM": 72.326191799695565,
  "pctRuntimeOther": 7.55358414807958,
  "postpro_time": 3.53272,
  "analysis_time": 419.990375
}
