{
  "simRuntime": 1.5756172455,
  "pctRuntimeDynamics": 79.588057797033045,
  "pctRuntimeMEEM": 18.385749800204554,
  "pctRuntimeOther": 2.0261924027624048,
  "postpro_time": 2.88878,
  "analysis_time": 67.810526
}
