{
  "simRuntime": 0.8112227605,
  "pctRuntimeDynamics": 70.995672694814232,
  "pctRuntimeMEEM": 25.934505118762303,
  "pctRuntimeOther": 3.0698221864234654,
  "postpro_time": 3.541139,
  "analysis_time": 414.103727
}
