{
  "simRuntime": 0.24359871600000002,
  "pctRuntimeDynamics": 62.008587022350106,
  "pctRuntimeMEEM": 34.294505591548194,
  "pctRuntimeOther": 3.6969073861016994,
  "postpro_time": 3.559767,
  "analysis_time": 371.528622
}
