{
  "simRuntime": 0.1666437515,
  "pctRuntimeDynamics": 9.111773211083305,
  "pctRuntimeMEEM": 82.410740204710592,
  "pctRuntimeOther": 8.4774865842061047,
  "postpro_time": 4.424082,
  "analysis_time": 867.587942
}
