{
  "simRuntime": 0.62099673750000006,
  "pctRuntimeDynamics": 63.333718022430176,
  "pctRuntimeMEEM": 32.7176842294502,
  "pctRuntimeOther": 3.9485977481196244,
  "postpro_time": 3.730097,
  "analysis_time": 451.705183
}
