{
  "simRuntime": 0.166245747,
  "pctRuntimeDynamics": 52.11312028926676,
  "pctRuntimeMEEM": 43.085318186228548,
  "pctRuntimeOther": 4.8015615245046916,
  "postpro_time": 3.373681,
  "analysis_time": 280.310715
}
