{
  "simRuntime": 0.21462571900000002,
  "pctRuntimeDynamics": 28.604034106908866,
  "pctRuntimeMEEM": 64.534751527364122,
  "pctRuntimeOther": 6.8612143657270082,
  "postpro_time": 5.418002,
  "analysis_time": 514.962336
}
