{
  "simRuntime": 1.513496623,
  "pctRuntimeDynamics": 75.448813459392412,
  "pctRuntimeMEEM": 22.93063661679059,
  "pctRuntimeOther": 1.6205499238169949,
  "postpro_time": 1.282733,
  "analysis_time": 684.072968
}
