{
  "simRuntime": 0.1695167655,
  "pctRuntimeDynamics": 52.007098954269473,
  "pctRuntimeMEEM": 43.188536604822396,
  "pctRuntimeOther": 4.804364440908131,
  "postpro_time": 3.430826,
  "analysis_time": 312.528283
}
