{
  "simRuntime": 0.1518508305,
  "pctRuntimeDynamics": 22.517619343344041,
  "pctRuntimeMEEM": 70.025351790370976,
  "pctRuntimeOther": 7.4570288662849862,
  "postpro_time": 3.343751,
  "analysis_time": 361.010327
}
