{
  "simRuntime": 0.1756787615,
  "pctRuntimeDynamics": 20.004805986486591,
  "pctRuntimeMEEM": 72.748302300835178,
  "pctRuntimeOther": 7.2468917126782344,
  "postpro_time": 3.863842,
  "analysis_time": 492.791857
}
