{
  "simRuntime": 1.279714504,
  "pctRuntimeDynamics": 73.51209017016626,
  "pctRuntimeMEEM": 24.05570288858075,
  "pctRuntimeOther": 2.4322069412529856,
  "postpro_time": 3.738334,
  "analysis_time": 615.514227
}
