{
  "simRuntime": 0.238607729,
  "pctRuntimeDynamics": 63.470487350443385,
  "pctRuntimeMEEM": 32.926956892046469,
  "pctRuntimeOther": 3.6025557575101459,
  "postpro_time": 3.571487,
  "analysis_time": 377.955982
}
