{
  "simRuntime": 0.60016175249999992,
  "pctRuntimeDynamics": 62.707166714811713,
  "pctRuntimeMEEM": 33.335702210348558,
  "pctRuntimeOther": 3.9571310748397366,
  "postpro_time": 3.469129,
  "analysis_time": 397.713305
}
