{
  "simRuntime": 0.15315877649999998,
  "pctRuntimeDynamics": 20.2324101940576,
  "pctRuntimeMEEM": 72.1761350169424,
  "pctRuntimeOther": 7.5914547890000108,
  "postpro_time": 3.507303,
  "analysis_time": 415.715227
}
