{
  "simRuntime": 0.16993677100000001,
  "pctRuntimeDynamics": 51.044472946284372,
  "pctRuntimeMEEM": 44.428446577341049,
  "pctRuntimeOther": 4.5270804763745787,
  "postpro_time": 3.764235,
  "analysis_time": 377.063938
}
