{
  "simRuntime": 0.6968497455,
  "pctRuntimeDynamics": 73.840930523923817,
  "pctRuntimeMEEM": 23.683655678234771,
  "pctRuntimeOther": 2.4754137978414121,
  "postpro_time": 4.189503,
  "analysis_time": 546.17058
}
