{
  "simRuntime": 0.637364747,
  "pctRuntimeDynamics": 60.833193077652368,
  "pctRuntimeMEEM": 35.384944826657019,
  "pctRuntimeOther": 3.781862095690613,
  "postpro_time": 3.815395,
  "analysis_time": 464.414899
}
