{
  "simRuntime": 0.540606772,
  "pctRuntimeDynamics": 74.822307771770639,
  "pctRuntimeMEEM": 22.600088925868182,
  "pctRuntimeOther": 2.5776033023611831,
  "postpro_time": 3.46283,
  "analysis_time": 371.261981
}
