{
  "simRuntime": 0.6026737315,
  "pctRuntimeDynamics": 62.943010358081523,
  "pctRuntimeMEEM": 33.001711057078211,
  "pctRuntimeOther": 4.0552785848402664,
  "postpro_time": 6.536741,
  "analysis_time": 426.603496
}
