{
  "simRuntime": 0.13510984650000002,
  "pctRuntimeDynamics": 50.371866574476257,
  "pctRuntimeMEEM": 44.839598286669307,
  "pctRuntimeOther": 4.7885351388544279,
  "postpro_time": 3.360305,
  "analysis_time": 28.414246
}
