{
  "simRuntime": 0.6450817285,
  "pctRuntimeDynamics": 62.073007632268371,
  "pctRuntimeMEEM": 34.138369421662894,
  "pctRuntimeOther": 3.7886229460687275,
  "postpro_time": 3.772562,
  "analysis_time": 476.012906
}
