{
  "simRuntime": 0.315337771,
  "pctRuntimeDynamics": 25.663393145795769,
  "pctRuntimeMEEM": 69.915167355026469,
  "pctRuntimeOther": 4.4214394991777652,
  "postpro_time": 6.706238,
  "analysis_time": 657.041857
}
