{
  "simRuntime": 0.15026171000000002,
  "pctRuntimeDynamics": 20.720369321248526,
  "pctRuntimeMEEM": 71.631060752954852,
  "pctRuntimeOther": 7.6485699257966218,
  "postpro_time": 3.480956,
  "analysis_time": 379.070586
}
