{
<<<<<<< HEAD
  "simRuntime": 10.541758773000002,
  "pctRuntimeDynamics": 96.907263648836818,
  "pctRuntimeMEEM": 2.7726583364492345,
  "pctRuntimeOther": 0.32007801471394259,
  "postpro_time": 3.424629,
  "analysis_time": 729.58565
=======
  "simRuntime": 0.824016763,
  "pctRuntimeDynamics": 70.835186474675623,
  "pctRuntimeMEEM": 26.122623175848393,
  "pctRuntimeOther": 3.0421903494759874,
  "postpro_time": 3.597708,
  "analysis_time": 459.099305
>>>>>>> origin/main
}
