{
  "simRuntime": 0.592676779,
  "pctRuntimeDynamics": 63.485790213857371,
  "pctRuntimeMEEM": 32.4923979218304,
  "pctRuntimeOther": 4.0218118643122267,
  "postpro_time": 3.706508,
  "analysis_time": 415.758423
}
