{
  "simRuntime": 0.5423107475,
  "pctRuntimeDynamics": 74.942378281611326,
  "pctRuntimeMEEM": 22.502053324093733,
  "pctRuntimeOther": 2.5555683942949372,
  "postpro_time": 3.42323,
  "analysis_time": 388.34884
}
