{
  "simRuntime": 0.4106587515,
  "pctRuntimeDynamics": 39.76802093353264,
  "pctRuntimeMEEM": 53.987754218841076,
  "pctRuntimeOther": 6.2442248476262847,
  "postpro_time": 3.409179,
  "analysis_time": 347.691209
}
