{
  "simRuntime": 0.428340825,
  "pctRuntimeDynamics": 28.16026951323256,
  "pctRuntimeMEEM": 65.676047983328019,
  "pctRuntimeOther": 6.1636825034394178,
  "postpro_time": 7.652124,
  "analysis_time": 1047.42562
}
