{
  "simRuntime": 0.25608574149999996,
  "pctRuntimeDynamics": 20.588519594630849,
  "pctRuntimeMEEM": 71.737864805449462,
  "pctRuntimeOther": 7.6736155999196853,
  "postpro_time": 3.607144,
  "analysis_time": 683.043021
}
