{
  "simRuntime": 6.406729659,
  "pctRuntimeDynamics": 90.093150480030587,
  "pctRuntimeMEEM": 9.1680293704938816,
  "pctRuntimeOther": 0.73882014947552932,
  "postpro_time": 3.594922,
  "analysis_time": 1531.589441
}
