{
  "simRuntime": 0.238259701,
  "pctRuntimeDynamics": 62.186114507599463,
  "pctRuntimeMEEM": 34.090756785788088,
  "pctRuntimeOther": 3.7231287066124423,
  "postpro_time": 3.304248,
  "analysis_time": 332.675883
}
