{
  "simRuntime": 0.1655177095,
  "pctRuntimeDynamics": 51.871128316479954,
  "pctRuntimeMEEM": 43.419226648343511,
  "pctRuntimeOther": 4.7096450351765355,
  "postpro_time": 3.350244,
  "analysis_time": 327.925082
}
