{
  "simRuntime": 0.4416987425,
  "pctRuntimeDynamics": 62.9018392384449,
  "pctRuntimeMEEM": 33.648486163072128,
  "pctRuntimeOther": 3.4496745984829715,
  "postpro_time": 3.629352,
  "analysis_time": 436.646141
}
