{
  "simRuntime": 0.12098276499999999,
  "pctRuntimeDynamics": 49.619406067915477,
  "pctRuntimeMEEM": 45.316275728864696,
  "pctRuntimeOther": 5.0643182032198268,
  "postpro_time": 3.398653,
  "analysis_time": 24.601028
}
