{
  "simRuntime": 0.1530107065,
  "pctRuntimeDynamics": 21.991525755274139,
  "pctRuntimeMEEM": 70.598489370654349,
  "pctRuntimeOther": 7.4099848740715117,
  "postpro_time": 3.525046,
  "analysis_time": 403.996715
}
