{
  "simRuntime": 0.16774972000000002,
  "pctRuntimeDynamics": 51.252598154239358,
  "pctRuntimeMEEM": 43.966260049679043,
  "pctRuntimeOther": 4.7811417960815987,
  "postpro_time": 3.444624,
  "analysis_time": 353.288705
}
