{
  "simRuntime": 4.5236562350000007,
  "pctRuntimeDynamics": 93.73350262170753,
  "pctRuntimeMEEM": 5.6201010511577127,
  "pctRuntimeOther": 0.64639632713475237,
  "postpro_time": 3.421269,
  "analysis_time": 586.410968
}
