{
  "simRuntime": 0.205431729,
  "pctRuntimeDynamics": 61.178461260212913,
  "pctRuntimeMEEM": 34.805441812526581,
  "pctRuntimeOther": 4.0160969272605058,
  "postpro_time": 3.413258,
  "analysis_time": 344.606742
}
