{
  "simRuntime": 0.15068275,
  "pctRuntimeDynamics": 22.864804643761907,
  "pctRuntimeMEEM": 69.6201009359021,
  "pctRuntimeOther": 7.5150944203359984,
  "postpro_time": 3.43001,
  "analysis_time": 360.840778
}
