{
  "simRuntime": 0.21857473249999998,
  "pctRuntimeDynamics": 30.228693580226512,
  "pctRuntimeMEEM": 62.7361760047475,
  "pctRuntimeOther": 7.0351304150259892,
  "postpro_time": 3.586512,
  "analysis_time": 433.985454
}
