{
  "simRuntime": 0.824016763,
  "pctRuntimeDynamics": 70.835186474675623,
  "pctRuntimeMEEM": 26.122623175848393,
  "pctRuntimeOther": 3.0421903494759874,
  "postpro_time": 3.597708,
  "analysis_time": 459.099305
}
