{
  "simRuntime": 0.243143707,
  "pctRuntimeDynamics": 61.879136580124616,
  "pctRuntimeMEEM": 34.536889303786481,
  "pctRuntimeOther": 3.5839741160889105,
  "postpro_time": 3.565858,
  "analysis_time": 387.685367
}
