{
  "simRuntime": 0.613470793,
  "pctRuntimeDynamics": 62.592847755337111,
  "pctRuntimeMEEM": 33.470073870119478,
  "pctRuntimeOther": 3.9370783745434039,
  "postpro_time": 3.566697,
  "analysis_time": 460.21789
}
