{
  "simRuntime": 0.149413719,
  "pctRuntimeDynamics": 20.324259038237656,
  "pctRuntimeMEEM": 72.236148126078774,
  "pctRuntimeOther": 7.43959283568357,
  "postpro_time": 3.355031,
  "analysis_time": 391.872602
}
