{
  "simRuntime": 0.62485874400000008,
  "pctRuntimeDynamics": 61.900246059409739,
  "pctRuntimeMEEM": 34.178853878702974,
  "pctRuntimeOther": 3.9209000618872949,
  "postpro_time": 3.962324,
  "analysis_time": 554.458157
}
