{
  "simRuntime": 0.4285277065,
  "pctRuntimeDynamics": 76.07349153896638,
  "pctRuntimeMEEM": 21.4315475616035,
  "pctRuntimeOther": 2.4949608994301116,
  "postpro_time": 3.588054,
  "analysis_time": 350.001378
}
