{
  "simRuntime": 0.21260573249999998,
  "pctRuntimeDynamics": 31.664743146945906,
  "pctRuntimeMEEM": 61.205292705219605,
  "pctRuntimeOther": 7.1299641478344853,
  "postpro_time": 3.740677,
  "analysis_time": 401.689269
}
