{
  "simRuntime": 0.2171787275,
  "pctRuntimeDynamics": 31.339744991232095,
  "pctRuntimeMEEM": 61.758928039845927,
  "pctRuntimeOther": 6.9013269689219783,
  "postpro_time": 3.567709,
  "analysis_time": 426.94377
}
