{
  "simRuntime": 0.1881807065,
  "pctRuntimeDynamics": 50.597754107731433,
  "pctRuntimeMEEM": 44.570902226736109,
  "pctRuntimeOther": 4.831343665532458,
  "postpro_time": 5.809855,
  "analysis_time": 498.640138
}
