{
  "simRuntime": 0.209829723,
  "pctRuntimeDynamics": 31.974932541524115,
  "pctRuntimeMEEM": 61.171055804314975,
  "pctRuntimeOther": 6.8540116541609137,
  "postpro_time": 3.390282,
  "analysis_time": 395.934382
}
