{
  "simRuntime": 0.425821701,
  "pctRuntimeDynamics": 63.378570937299564,
  "pctRuntimeMEEM": 33.097961413157989,
  "pctRuntimeOther": 3.5234676495424537,
  "postpro_time": 3.908714,
  "analysis_time": 442.740043
}
