{
  "simRuntime": 0.6482717235,
  "pctRuntimeDynamics": 61.8975737393792,
  "pctRuntimeMEEM": 34.295672083939678,
  "pctRuntimeOther": 3.8067541766811246,
  "postpro_time": 6.743356,
  "analysis_time": 476.210143
}
