{
  "simRuntime": 0.171738652,
  "pctRuntimeDynamics": 14.995735241410726,
  "pctRuntimeMEEM": 79.903705161994608,
  "pctRuntimeOther": 5.100559596594664,
  "postpro_time": 4.216737,
  "analysis_time": 531.684797
}
