{
  "simRuntime": 0.7010457185,
  "pctRuntimeDynamics": 63.2475518096217,
  "pctRuntimeMEEM": 33.128047031424792,
  "pctRuntimeOther": 3.6244011589535035,
  "postpro_time": 3.90976,
  "analysis_time": 503.446209
}
