{
  "simRuntime": 1.2820107465,
  "pctRuntimeDynamics": 67.1980036739432,
  "pctRuntimeMEEM": 29.52813952406424,
  "pctRuntimeOther": 3.2738568019925509,
  "postpro_time": 3.471887,
  "analysis_time": 491.452733
}
