{
  "simRuntime": 0.15377170799999998,
  "pctRuntimeDynamics": 22.172378045153103,
  "pctRuntimeMEEM": 70.448509222677771,
  "pctRuntimeOther": 7.3791127321691192,
  "postpro_time": 3.487294,
  "analysis_time": 419.402501
}
