{
  "simRuntime": 0.627122773,
  "pctRuntimeDynamics": 62.276291094329714,
  "pctRuntimeMEEM": 33.826502350270793,
  "pctRuntimeOther": 3.8972065553994923,
  "postpro_time": 3.762803,
  "analysis_time": 479.28562
}
