{
  "simRuntime": 0.674228741,
  "pctRuntimeDynamics": 63.161032451071449,
  "pctRuntimeMEEM": 33.238542442633488,
  "pctRuntimeOther": 3.600425106295063,
  "postpro_time": 3.881487,
  "analysis_time": 443.760581
}
