{
  "simRuntime": 10.541758773000002,
  "pctRuntimeDynamics": 96.907263648836818,
  "pctRuntimeMEEM": 2.7726583364492345,
  "pctRuntimeOther": 0.32007801471394259,
  "postpro_time": 3.424629,
  "analysis_time": 729.58565
}
