{
  "simRuntime": 4.1354492455,
  "pctRuntimeDynamics": 92.827835843275878,
  "pctRuntimeMEEM": 6.4591060932272422,
  "pctRuntimeOther": 0.71305806349687373,
  "postpro_time": 3.591225,
  "analysis_time": 642.779221
}
