{
  "simRuntime": 0.9020617305,
  "pctRuntimeDynamics": 70.2959521589706,
  "pctRuntimeMEEM": 26.831706012247096,
  "pctRuntimeOther": 2.8723418287823108,
  "postpro_time": 3.947548,
  "analysis_time": 493.568781
}
