{
  "simRuntime": 0.89418984,
  "pctRuntimeDynamics": 69.728023981322778,
  "pctRuntimeMEEM": 27.363228034237309,
  "pctRuntimeOther": 2.9087479844399127,
  "postpro_time": 3.673452,
  "analysis_time": 492.312484
}
