{
  "simRuntime": 0.2332037555,
  "pctRuntimeDynamics": 62.846453737768471,
  "pctRuntimeMEEM": 33.394056199982579,
  "pctRuntimeOther": 3.7594900622489433,
  "postpro_time": 3.526461,
  "analysis_time": 332.432469
}
