{
  "simRuntime": 0.8018077275,
  "pctRuntimeDynamics": 71.014324106936655,
  "pctRuntimeMEEM": 25.906882165518226,
  "pctRuntimeOther": 3.0787937275451185,
  "postpro_time": 0.83592,
  "analysis_time": 429.866759
}
