{
  "simRuntime": 0.6772657425,
  "pctRuntimeDynamics": 80.142254928567311,
  "pctRuntimeMEEM": 17.8921991611089,
  "pctRuntimeOther": 1.9655459103237831,
  "postpro_time": 4.008294,
  "analysis_time": 474.012231
}
