{
  "simRuntime": 0.8967317555,
  "pctRuntimeDynamics": 75.445243434709639,
  "pctRuntimeMEEM": 21.851582054602972,
  "pctRuntimeOther": 2.70317451068739,
  "postpro_time": 3.401429,
  "analysis_time": 433.692527
}
