{
  "simRuntime": 0.715661709,
  "pctRuntimeDynamics": 75.704223483947459,
  "pctRuntimeMEEM": 21.916573761163079,
  "pctRuntimeOther": 2.3792027548894623,
  "postpro_time": 3.96447,
  "analysis_time": 510.907052
}
