{
  "simRuntime": 0.638177744,
  "pctRuntimeDynamics": 53.291356690043358,
  "pctRuntimeMEEM": 42.154059167833019,
  "pctRuntimeOther": 4.5545841421236162,
  "postpro_time": 3.6813,
  "analysis_time": 1326.674078
}
