{
  "simRuntime": 0.218768723,
  "pctRuntimeDynamics": 29.582805524444645,
  "pctRuntimeMEEM": 63.552216319597122,
  "pctRuntimeOther": 6.8649781559582266,
  "postpro_time": 3.568577,
  "analysis_time": 410.466316
}
