{
  "simRuntime": 0.26944965000000004,
  "pctRuntimeDynamics": 30.005979078391697,
  "pctRuntimeMEEM": 63.54025779263096,
  "pctRuntimeOther": 6.4537631289773429,
  "postpro_time": 3.625719,
  "analysis_time": 601.814059
}
