{
  "simRuntime": 0.6144477225,
  "pctRuntimeDynamics": 63.208718531234588,
  "pctRuntimeMEEM": 32.876461996702851,
  "pctRuntimeOther": 3.9148194720625611,
  "postpro_time": 3.596392,
  "analysis_time": 436.909148
}
