{
  "simRuntime": 0.78942680749999994,
  "pctRuntimeDynamics": 70.259734282708081,
  "pctRuntimeMEEM": 26.590769931842377,
  "pctRuntimeOther": 3.1494957854495453,
  "postpro_time": 3.522347,
  "analysis_time": 466.460538
}
