{
  "simRuntime": 0.1664097335,
  "pctRuntimeDynamics": 52.1191696955559,
  "pctRuntimeMEEM": 43.156623574626352,
  "pctRuntimeOther": 4.7242067298177517,
  "postpro_time": 3.404354,
  "analysis_time": 325.479899
}
