{
  "simRuntime": 1.402569675,
  "pctRuntimeDynamics": 72.175357084192555,
  "pctRuntimeMEEM": 24.471109096575169,
  "pctRuntimeOther": 3.3535338192322683,
  "postpro_time": 4.544192,
  "analysis_time": 780.097422
}
