{
  "simRuntime": 0.21103871400000002,
  "pctRuntimeDynamics": 30.863445842437624,
  "pctRuntimeMEEM": 62.228364532360672,
  "pctRuntimeOther": 6.9081896252017,
  "postpro_time": 3.490513,
  "analysis_time": 403.030903
}
