{
  "simRuntime": 0.2462727035,
  "pctRuntimeDynamics": 57.480458629014507,
  "pctRuntimeMEEM": 38.575941807511853,
  "pctRuntimeOther": 3.94359956347364,
  "postpro_time": 3.985914,
  "analysis_time": 446.588792
}
