{
  "simRuntime": 0.17856471100000001,
  "pctRuntimeDynamics": 52.373417167071537,
  "pctRuntimeMEEM": 43.037836211889754,
  "pctRuntimeOther": 4.5887466210387089,
  "postpro_time": 3.489697,
  "analysis_time": 514.240988
}
