{
  "simRuntime": 0.164471789,
  "pctRuntimeDynamics": 52.231624256899522,
  "pctRuntimeMEEM": 43.025509306619853,
  "pctRuntimeOther": 4.7428664364806252,
  "postpro_time": 3.390475,
  "analysis_time": 315.91647
}
