{
  "simRuntime": 0.47445671250000004,
  "pctRuntimeDynamics": 69.3262711464872,
  "pctRuntimeMEEM": 27.666003928029561,
  "pctRuntimeOther": 3.0077249254832452,
  "postpro_time": 3.532677,
  "analysis_time": 439.861024
}
