{
  "simRuntime": 0.6122677825,
  "pctRuntimeDynamics": 63.085227809180836,
  "pctRuntimeMEEM": 32.985975041745007,
  "pctRuntimeOther": 3.9287971490741569,
  "postpro_time": 3.547322,
  "analysis_time": 426.226958
}
