{
  "simRuntime": 0.808755827,
  "pctRuntimeDynamics": 70.786504886641964,
  "pctRuntimeMEEM": 26.103149218856753,
  "pctRuntimeOther": 3.110345894501279,
  "postpro_time": 3.624134,
  "analysis_time": 410.278267
}
