{
  "simRuntime": 0.929499733,
  "pctRuntimeDynamics": 65.71437249870597,
  "pctRuntimeMEEM": 31.293336509779511,
  "pctRuntimeOther": 2.9922909915145226,
  "postpro_time": 5.827331,
  "analysis_time": 654.041771
}
