{
  "simRuntime": 2.7672116515,
  "pctRuntimeDynamics": 76.708856006530638,
  "pctRuntimeMEEM": 21.357058791794483,
  "pctRuntimeOther": 1.9340852016748755,
  "postpro_time": 4.208737,
  "analysis_time": 784.904917
}
