{
  "simRuntime": 0.73324573149999994,
  "pctRuntimeDynamics": 75.8028491014382,
  "pctRuntimeMEEM": 21.945815288126607,
  "pctRuntimeOther": 2.2513356104351914,
  "postpro_time": 4.225503,
  "analysis_time": 518.317436
}
