{
  "simRuntime": 0.32332867099999996,
  "pctRuntimeDynamics": 30.793507136551845,
  "pctRuntimeMEEM": 63.178886555571509,
  "pctRuntimeOther": 6.0276063078766526,
  "postpro_time": 4.421907,
  "analysis_time": 607.35303
}
