{
  "simRuntime": 0.15831672700000002,
  "pctRuntimeDynamics": 25.78079508132285,
  "pctRuntimeMEEM": 67.224776006146485,
  "pctRuntimeOther": 6.9944289125306653,
  "postpro_time": 3.644656,
  "analysis_time": 447.619484
}
