{
  "simRuntime": 0.16827371200000002,
  "pctRuntimeDynamics": 52.6939244198665,
  "pctRuntimeMEEM": 42.646307036115836,
  "pctRuntimeOther": 4.6597685440176662,
  "postpro_time": 3.36375,
  "analysis_time": 325.036776
}
