{
  "simRuntime": 0.14915572500000002,
  "pctRuntimeDynamics": 20.647258078718103,
  "pctRuntimeMEEM": 71.883302944835634,
  "pctRuntimeOther": 7.46943897644627,
  "postpro_time": 3.510808,
  "analysis_time": 393.955706
}
