{
  "simRuntime": 0.1502867135,
  "pctRuntimeDynamics": 52.916866568590692,
  "pctRuntimeMEEM": 42.301856366503962,
  "pctRuntimeOther": 4.7812770649053391,
  "postpro_time": 3.419698,
  "analysis_time": 340.161476
}
