{
  "simRuntime": 1.7457337195,
  "pctRuntimeDynamics": 79.0797213970155,
  "pctRuntimeMEEM": 18.975716228286519,
  "pctRuntimeOther": 1.9445623746979805,
  "postpro_time": 3.438009,
  "analysis_time": 105.805348
}
