{
  "simRuntime": 0.66362170650000007,
  "pctRuntimeDynamics": 61.727821579704212,
  "pctRuntimeMEEM": 34.383069581613746,
  "pctRuntimeOther": 3.8891088386820343,
  "postpro_time": 5.148221,
  "analysis_time": 660.602179
}
