{
  "simRuntime": 0.1957288945,
  "pctRuntimeDynamics": 25.6889851994445,
  "pctRuntimeMEEM": 67.92778168167392,
  "pctRuntimeOther": 6.3832331188815772,
  "postpro_time": 3.899512,
  "analysis_time": 590.856885
}
