{
  "simRuntime": 0.41857474299999997,
  "pctRuntimeDynamics": 77.04975603456441,
  "pctRuntimeMEEM": 20.414709608283392,
  "pctRuntimeOther": 2.5355343571522013,
  "postpro_time": 3.615999,
  "analysis_time": 326.0481
}
