{
  "simRuntime": 1.160914702,
  "pctRuntimeDynamics": 60.91680058106612,
  "pctRuntimeMEEM": 35.46188068702493,
  "pctRuntimeOther": 3.621318731908957,
  "postpro_time": 6.475264,
  "analysis_time": 923.618841
}
