{
  "simRuntime": 1.5805477655,
  "pctRuntimeDynamics": 79.829096280669,
  "pctRuntimeMEEM": 18.185590763849071,
  "pctRuntimeOther": 1.9853129554819304,
  "postpro_time": 2.885835,
  "analysis_time": 68.022949
}
