{
  "simRuntime": 1.7717421585,
  "pctRuntimeDynamics": 71.544161672484393,
  "pctRuntimeMEEM": 26.233498709702918,
  "pctRuntimeOther": 2.2223396178126933,
  "postpro_time": 4.029963,
  "analysis_time": 1049.773915
}
