{
  "simRuntime": 0.174761778,
  "pctRuntimeDynamics": 19.592954199661765,
  "pctRuntimeMEEM": 72.418907603620212,
  "pctRuntimeOther": 7.9881381967180261,
  "postpro_time": 1.265248,
  "analysis_time": 341.842634
}
