{
  "simRuntime": 0.88804467199999992,
  "pctRuntimeDynamics": 68.367733229489275,
  "pctRuntimeMEEM": 28.766773368420996,
  "pctRuntimeOther": 2.8654934020897258,
  "postpro_time": 4.773498,
  "analysis_time": 612.280931
}
