{
  "simRuntime": 1.2135484795,
  "pctRuntimeDynamics": 71.749423400572681,
  "pctRuntimeMEEM": 24.955319570071634,
  "pctRuntimeOther": 3.2952570293556818,
  "postpro_time": 3.785781,
  "analysis_time": 637.171403
}
