{
  "simRuntime": 0.16796078849999999,
  "pctRuntimeDynamics": 52.304901186473494,
  "pctRuntimeMEEM": 42.953916370072122,
  "pctRuntimeOther": 4.7411824434543917,
  "postpro_time": 2.980565,
  "analysis_time": 302.871626
}
