{
  "simRuntime": 0.1545387115,
  "pctRuntimeDynamics": 22.517033191651652,
  "pctRuntimeMEEM": 70.225545891747956,
  "pctRuntimeOther": 7.2574209166003953,
  "postpro_time": 3.439272,
  "analysis_time": 376.925756
}
