{
  "sensitivity_analysis_complete": true,
  "runtime_post_optim": 239.450072,
  "runtime_re_optim": 25720.071324,
  "postpro_time": 15.750928,
  "analysis_time": 28481.686016
}
