{
  "sensitivity_analysis_complete": true,
  "runtime_post_optim": 456.861946,
  "runtime_re_optim": 31351.649514,
  "postpro_time": 16.581698,
  "analysis_time": 34543.116823
}
