{
  "sensitivity_analysis_complete": true,
  "runtime_post_optim": 245.356674,
  "runtime_re_optim": 32289.313458,
  "postpro_time": 18.625941,
  "analysis_time": 35213.546864
}
