{
  "sensitivity_analysis_complete": true,
  "runtime_post_optim": 377.478693,
  "runtime_re_optim": 43181.592807,
  "postpro_time": 36.034889,
  "analysis_time": 46333.236074
}
