{
  "err_structs": [
    {
      "pct_error_baseline": [
        112.468870820822,
        332.16799809585831
      ],
      "pct_error_drag": [
        10.21753922459065,
        1.5131070996652074
      ],
      "pct_error_meem": [
        100.05729194304672,
        411.11690735027645
      ],
      "pct_error_total": [
        -10.638521812822654,
        -0.6997057574697314
      ]
    },
    {
      "pct_error_baseline": [
        -0.16459450665159717,
        -0.066610212988386958
      ],
      "pct_error_drag": [
        5.7567808328543082,
        -4.8276990600241785
      ],
      "pct_error_meem": [
        -0.27827517879016012,
        5.9001055035454666
      ],
      "pct_error_total": [
        -2.0486004608632875,
        -6.27926538734057
      ]
    },
    {
      "pct_error_baseline": [
        110.57420756826414,
        136.161954471176,
        null,
        null
      ],
      "pct_error_drag": [
        81.198371812858483,
        6.3271468877121242,
        null,
        null
      ],
      "pct_error_meem": [
        110.57420756826414,
        161.88640382804843,
        null,
        null
      ],
      "pct_error_total": [
        81.198371812858483,
        5.8920264634555419,
        null,
        null
      ]
    }
  ],
  "postpro_time": 306.971199,
  "analysis_time": 2440.421731
}
