{
  "err_structs": [
    {
      "pct_error_baseline": [
        131.26420006281853,
        366.74143794352744
      ],
      "pct_error_drag": [
        54.1528603135522,
        43.574712106910845
      ],
      "pct_error_meem": [
        238.88531619513836,
        961.55049988134317
      ],
      "pct_error_total": [
        18.361689707303757,
        43.695100681523471
      ]
    },
    {
      "pct_error_baseline": [
        61.932570200785541,
        231.55617372948404
      ],
      "pct_error_drag": [
        84.203497982443778,
        83.71920183051337
      ],
      "pct_error_meem": [
        90.0429327371189,
        251.352374347935
      ],
      "pct_error_total": [
        62.950671260829317,
        80.917119665590093
      ]
    },
    {
      "pct_error_baseline": [
        23.118411252240222,
        118.66847636220382,
        null,
        null
      ],
      "pct_error_drag": [
        13.910191749163417,
        -9.6316730915269684,
        null,
        null
      ],
      "pct_error_meem": [
        23.118411252240222,
        142.48741095194606,
        null,
        null
      ],
      "pct_error_total": [
        13.910191749163417,
        -8.9904657035988382,
        null,
        null
      ]
    }
  ],
  "postpro_time": 313.992966,
  "analysis_time": 2446.456706
}
