{
  "err_structs": [
    {
      "pct_error_baseline": [
        117.96987548649655,
        332.16799809584654
      ],
      "pct_error_drag": [
        45.433442146319415,
        26.820801370572443
      ],
      "pct_error_meem": [
        261.53833649819683,
        957.41365923986484
      ],
      "pct_error_total": [
        32.051821993562562,
        22.164570516305652
      ]
    },
    {
      "pct_error_baseline": [
        70.029722939034357,
        231.556178471477
      ],
      "pct_error_drag": [
        55.3130505110038,
        -0.064891830295473144
      ],
      "pct_error_meem": [
        60.741507386414206,
        5.90010550354556
      ],
      "pct_error_total": [
        44.085742297519374,
        -4.7254573145452943
      ]
    },
    {
      "pct_error_baseline": [
        19.951134021585681,
        136.161954471176,
        null,
        null
      ],
      "pct_error_drag": [
        11.668038249758094,
        5.8524335100514167,
        null,
        null
      ],
      "pct_error_meem": [
        8.0984626085466314,
        158.8973797623193,
        null,
        null
      ],
      "pct_error_total": [
        3.5719714706543368,
        6.4989845135581685,
        null,
        null
      ]
    }
  ],
  "postpro_time": 346.981994,
  "analysis_time": 2173.310568
}
