{
  "err_structs": [
    {
      "pct_error_baseline": [
        -0.20592176313401725,
        34.371534463432539
      ],
      "pct_error_drag": [
        14.60389292159666,
        48.796946571363577
      ],
      "pct_error_meem": [
        -18.206904489407368,
        61.050567944823854
      ],
      "pct_error_total": [
        -8.3143318526074541,
        132.31439067228783
      ]
    },
    {
      "pct_error_baseline": [
        -100,
        -100.00000000000001
      ],
      "pct_error_drag": [
        -100,
        -100
      ],
      "pct_error_meem": [
        -100,
        -100.00000000000001
      ],
      "pct_error_total": [
        -100,
        -100
      ]
    },
    {
      "pct_error_baseline": [
        -35.940933763756554,
        -59.926098820139281,
        null,
        null
      ],
      "pct_error_drag": [
        -40.326933275018192,
        -28.623365642908773,
        null,
        null
      ],
      "pct_error_meem": [
        -58.583580781372511,
        -60.191285560973419,
        null,
        null
      ],
      "pct_error_total": [
        -70.0070208560721,
        -28.443854125985386,
        null,
        null
      ]
    }
  ],
  "postpro_time": 345.480093,
  "analysis_time": 5108.429685
}
