{
  "err_structs": [
    {
      "pct_error_baseline": [
        109.38281566558329,
        332.16799809584654
      ],
      "pct_error_drag": [
        9.7624669695635884,
        2.1312507734878507
      ],
      "pct_error_meem": [
        193.74386088633133,
        437.22662724620648
      ],
      "pct_error_total": [
        19.278987653011303,
        15.710963414634756
      ]
    },
    {
      "pct_error_baseline": [
        52.755615289295974,
        7.1184987952929673
      ],
      "pct_error_drag": [
        49.601526925354726,
        -0.064891830295473144
      ],
      "pct_error_meem": [
        50.879523585773882,
        13.514215298611889
      ],
      "pct_error_total": [
        38.94684714485539,
        -0.93180913735690607
      ]
    },
    {
      "pct_error_baseline": [
        23.620775357464474,
        136.161954471176,
        null,
        null
      ],
      "pct_error_drag": [
        25.854725117270533,
        5.8524335100514167,
        null,
        null
      ],
      "pct_error_meem": [
        13.067889878216953,
        158.8973797623193,
        null,
        null
      ],
      "pct_error_total": [
        20.136042276022049,
        6.4989845135581685,
        null,
        null
      ]
    }
  ],
  "postpro_time": 467.14459,
  "analysis_time": 2323.20359
}
