{
  "err_structs": [
    {
      "pct_error_baseline": [
        109.38281566558329,
        332.16799809584654
      ],
      "pct_error_drag": [
        9.740021845841909,
        2.1312507734878507
      ],
      "pct_error_meem": [
        93.791270220771565,
        409.12509518956426
      ],
      "pct_error_total": [
        -10.538400687240056,
        -1.0154721448426971
      ]
    },
    {
      "pct_error_baseline": [
        -0.16617310579457825,
        -0.066610212988348766
      ],
      "pct_error_drag": [
        6.2616301474680229,
        -0.064891830295473144
      ],
      "pct_error_meem": [
        -0.27985198041240467,
        5.90010550354556
      ],
      "pct_error_total": [
        -1.422437291932606,
        -4.7254573145452943
      ]
    },
    {
      "pct_error_baseline": [
        113.4494878525548,
        136.161954471176,
        null,
        null
      ],
      "pct_error_drag": [
        81.4624848589385,
        5.8524335100514167,
        null,
        null
      ],
      "pct_error_meem": [
        113.4494878525548,
        158.8973797623193,
        null,
        null
      ],
      "pct_error_total": [
        81.4624848589385,
        6.4989845135581685,
        null,
        null
      ]
    }
  ],
  "postpro_time": 409.554614,
  "analysis_time": 2617.481123
}
