{
  "err_structs": [
    {
      "pct_error_baseline": [
        10.194803182337859,
        2.181936101333056
      ],
      "pct_error_drag": [
        null,
        null
      ],
      "pct_error_meem": [
        18.884795156495933,
        0.47630450663172968
      ],
      "pct_error_total": [
        null,
        null
      ]
    },
    {
      "pct_error_baseline": [
        34.499162019491521,
        36.49722403919742
      ],
      "pct_error_drag": [
        27.521315877595221,
        3.8370454243865253
      ],
      "pct_error_meem": [
        29.188766966066108,
        44.64705397765691
      ],
      "pct_error_total": [
        18.746139539691761,
        -0.99653712502585912
      ]
    },
    {
      "pct_error_baseline": [
        -67.935685005755445,
        -81.0221104484314,
        null,
        null
      ],
      "pct_error_drag": [
        -66.045434861443,
        null,
        null,
        null
      ],
      "pct_error_meem": [
        -67.93557486669053,
        -81.961464277044072,
        null,
        null
      ],
      "pct_error_total": [
        -66.0555248650348,
        null,
        null,
        null
      ]
    }
  ],
  "postpro_time": 294.985368,
  "analysis_time": 1846.346601
}
