{
  "err_structs": [
    {
      "pct_error_baseline": [
        75.254592942310907,
        332.16799809585859
      ],
      "pct_error_drag": [
        11.454312543876895,
        2.6223980516600633
      ],
      "pct_error_meem": [
        63.466052801366153,
        409.12509518958279
      ],
      "pct_error_total": [
        -5.1764687128885027,
        -0.93784396755268018
      ]
    },
    {
      "pct_error_baseline": [
        -0.16617310579460218,
        -0.066610212988386958
      ],
      "pct_error_drag": [
        5.6964578989016736,
        -4.8281051968913093
      ],
      "pct_error_meem": [
        -0.27985198041242854,
        5.9001055035454666
      ],
      "pct_error_total": [
        -2.1041239940633272,
        -6.2794232147532023
      ]
    },
    {
      "pct_error_baseline": [
        214.26905502977309,
        188.83564339424856,
        null,
        null
      ],
      "pct_error_drag": [
        113.72522743987184,
        26.894363197604786,
        null,
        null
      ],
      "pct_error_meem": [
        214.26905502977309,
        211.43016630183786,
        null,
        null
      ],
      "pct_error_total": [
        113.72522743987184,
        26.150073314296133,
        null,
        null
      ]
    }
  ],
  "postpro_time": 399.605975,
  "analysis_time": 5051.652612
}
