{
  "err_structs": [
    {
      "pct_error_baseline": [
        -100,
        -99.999999939959636
      ],
      "pct_error_drag": [
        -100,
        -100
      ],
      "pct_error_meem": [
        -100,
        -99.999999928038818
      ],
      "pct_error_total": [
        -100,
        -100
      ]
    },
    {
      "pct_error_baseline": [
        -100,
        -99.999999999999986
      ],
      "pct_error_drag": [
        -100,
        -100
      ],
      "pct_error_meem": [
        -100,
        -100
      ],
      "pct_error_total": [
        -100,
        -100
      ]
    },
    {
      "pct_error_baseline": [
        1.9175391387635205E+9,
        -61.191074860499,
        null,
        null
      ],
      "pct_error_drag": [
        -9.7563743191739682,
        -29.104976703656945,
        null,
        null
      ],
      "pct_error_meem": [
        -41.788985639536612,
        -61.756700235120768,
        null,
        null
      ],
      "pct_error_total": [
        -15.564148048396156,
        -28.487713816549359,
        null,
        null
      ]
    }
  ],
  "postpro_time": 348.724507,
  "analysis_time": 2183.331555
}
