{
  "err_structs": [
    {
      "pct_error_baseline": [
        -100,
        -100
      ],
      "pct_error_drag": [
        -99.998752004244764,
        -98.885063430326184
      ],
      "pct_error_meem": [
        -100,
        -100
      ],
      "pct_error_total": [
        125.90149364002681,
        60.888823636704323
      ]
    },
    {
      "pct_error_baseline": [
        159.83733098804814,
        336.548282520203
      ],
      "pct_error_drag": [
        203.46632501680921,
        82.183903525384224
      ],
      "pct_error_meem": [
        192.8710323779747,
        364.45748245300928
      ],
      "pct_error_total": [
        223.59059767743139,
        69.655043435089922
      ]
    },
    {
      "pct_error_baseline": [
        5.9409841181142446E+65,
        57.65778186302871,
        null,
        null
      ],
      "pct_error_drag": [
        26052.942587657471,
        -37.103658168415279,
        null,
        null
      ],
      "pct_error_meem": [
        5.9409841181142446E+65,
        118.78786275566519,
        null,
        null
      ],
      "pct_error_total": [
        26052.942587657471,
        -35.717148768247732,
        null,
        null
      ]
    }
  ],
  "postpro_time": 552.004688,
  "analysis_time": 2789.454625
}
