{
  "err_structs": [
    {
      "pct_error_baseline": [
        112.22501432629477,
        332.16799809585859
      ],
      "pct_error_drag": [
        36.997518033028314,
        11.880661587523576
      ],
      "pct_error_meem": [
        193.39334382529782,
        437.22662724622614
      ],
      "pct_error_total": [
        7.1652043139310413,
        7.9992259547158975
      ]
    },
    {
      "pct_error_baseline": [
        40.300416653477569,
        15.687978698916192
      ],
      "pct_error_drag": [
        40.198063515955369,
        8.65605649041726
      ],
      "pct_error_meem": [
        37.465232260335647,
        33.255817959239785
      ],
      "pct_error_total": [
        24.586770110997168,
        11.231700256985706
      ]
    },
    {
      "pct_error_baseline": [
        38.830340726397438,
        136.16195447117605,
        null,
        null
      ],
      "pct_error_drag": [
        43.99089317258386,
        5.3810231340682453,
        null,
        null
      ],
      "pct_error_meem": [
        34.553828731619667,
        158.89737976231945,
        null,
        null
      ],
      "pct_error_total": [
        50.193249306976661,
        6.0473757237951284,
        null,
        null
      ]
    }
  ],
  "postpro_time": 380.408809,
  "analysis_time": 4198.164234
}
