{
  "err_structs": [
    {
      "pct_error_baseline": [
        109.38281566558329,
        332.16799809584654
      ],
      "pct_error_drag": [
        -11.009182295998652,
        -12.525958610689132
      ],
      "pct_error_meem": [
        93.791270220771537,
        409.12509518956426
      ],
      "pct_error_total": [
        -28.323077561872111,
        -18.606824054409021
      ]
    },
    {
      "pct_error_baseline": [
        -0.16617310579457825,
        -0.066610212988348766
      ],
      "pct_error_drag": [
        -1.6183435136976756,
        -1.8731628318998859
      ],
      "pct_error_meem": [
        -0.27985198041239268,
        5.90010550354556
      ],
      "pct_error_total": [
        -9.7054576246205713,
        -6.76474451325939
      ]
    },
    {
      "pct_error_baseline": [
        113.4494878525548,
        162.40217163463996,
        null,
        null
      ],
      "pct_error_drag": [
        90.025667071733253,
        1.4262891019313437,
        null,
        null
      ],
      "pct_error_meem": [
        113.4494878525548,
        187.66375529146586,
        null,
        null
      ],
      "pct_error_total": [
        90.025667071733253,
        2.2009862852700977,
        null,
        null
      ]
    }
  ],
  "postpro_time": 174.925143,
  "analysis_time": 1955.241918
}
