{
  "err_structs": [
    {
      "pct_error_baseline": [
        142.12432741537066,
        332.16799809585859
      ],
      "pct_error_drag": [
        55.510058274835444,
        43.574712106910845
      ],
      "pct_error_meem": [
        300.38594554078935,
        2660.0312996914886
      ],
      "pct_error_total": [
        15.554301096269031,
        43.695100681523471
      ]
    },
    {
      "pct_error_baseline": [
        66.152600018895569,
        231.55617372948404
      ],
      "pct_error_drag": [
        55.633665333394482,
        83.71920183051337
      ],
      "pct_error_meem": [
        74.38447570775503,
        251.352374347935
      ],
      "pct_error_total": [
        44.147119596096488,
        80.917119665590093
      ]
    },
    {
      "pct_error_baseline": [
        5.0014481540893643,
        118.66847636220382,
        null,
        null
      ],
      "pct_error_drag": [
        24.769851300082369,
        -9.6316730915269684,
        null,
        null
      ],
      "pct_error_meem": [
        5.0014481540893643,
        142.48741095194606,
        null,
        null
      ],
      "pct_error_total": [
        18.196884365718041,
        -8.9904657035988382,
        null,
        null
      ]
    }
  ],
  "postpro_time": 297.900117,
  "analysis_time": 2440.470264
}
