{
  "err_structs": [
    {
      "pct_error_baseline": [
        36.568287750745824,
        38.534476550366257
      ],
      "pct_error_drag": [
        32.5208974437199,
        43.574712563527569
      ],
      "pct_error_meem": [
        55.093094402346786,
        282.90613020071163
      ],
      "pct_error_total": [
        13.21132916843597,
        43.695101138523292
      ]
    },
    {
      "pct_error_baseline": [
        45.775658842009513,
        7.1326067141048322
      ],
      "pct_error_drag": [
        55.236537676059704,
        -4.148072879467561
      ],
      "pct_error_meem": [
        64.596418484564865,
        179.77497343938558
      ],
      "pct_error_total": [
        45.462062785751037,
        -6.2796801852858017
      ]
    },
    {
      "pct_error_baseline": [
        15.389573212265676,
        -27.657557186404567,
        null,
        null
      ],
      "pct_error_drag": [
        27.568600417057866,
        -11.439039626615637,
        null,
        null
      ],
      "pct_error_meem": [
        25.053006469212114,
        -32.7477682461545,
        null,
        null
      ],
      "pct_error_total": [
        27.477334729674357,
        -10.810656387995564,
        null,
        null
      ]
    }
  ],
  "wecsimAvgPowerErrorBestCase": 45.775658842009513,
  "wecsimAvgPowerErrorWorstCase": 13.21132916843597,
  "postpro_time": 343.77109,
  "analysis_time": 3724.36757
}
