{
  "err_structs": [
    {
      "pct_error_baseline": [
        151.53304414278745,
        332.16799809585859
      ],
      "pct_error_drag": [
        61.898627118732385,
        36.800026784665313
      ],
      "pct_error_meem": [
        229.26429835033872,
        957.41365923990418
      ],
      "pct_error_total": [
        36.719090498477158,
        32.054072559898223
      ]
    },
    {
      "pct_error_baseline": [
        65.704223967127632,
        231.5561784714761
      ],
      "pct_error_drag": [
        176.32265561946116,
        83.721137777564209
      ],
      "pct_error_meem": [
        262.32498451909282,
        251.35237937305686
      ],
      "pct_error_total": [
        223.11094275344823,
        80.919493467814718
      ]
    },
    {
      "pct_error_baseline": [
        -67.32218083632992,
        136.16195447117605,
        null,
        null
      ],
      "pct_error_drag": [
        -63.923363019980989,
        5.3810231340682453,
        null,
        null
      ],
      "pct_error_meem": [
        -75.05662744265193,
        158.89737976231945,
        null,
        null
      ],
      "pct_error_total": [
        -63.923363019980989,
        6.0473757237951284,
        null,
        null
      ]
    }
  ],
  "postpro_time": 295.746486,
  "analysis_time": 2132.50568
}
