{
  "err_structs": [
    {
      "pct_error_baseline": [
        -100,
        -100
      ],
      "pct_error_drag": [
        -99.999121873386244,
        -98.758407762427453
      ],
      "pct_error_meem": [
        -100,
        -100
      ],
      "pct_error_total": [
        -99.941110733265148,
        -97.2170661157182
      ]
    },
    {
      "pct_error_baseline": [
        670.7341950860731,
        566.93475515611919
      ],
      "pct_error_drag": [
        743.02404235567326,
        138.21518197209568
      ],
      "pct_error_meem": [
        945.91045630835811,
        685.98540502366859
      ],
      "pct_error_total": [
        678.02089284426575,
        122.29291707229521
      ]
    },
    {
      "pct_error_baseline": [
        7.70668743141075E+65,
        57.65778186302871,
        null,
        null
      ],
      "pct_error_drag": [
        -93.331246717034944,
        -33.477200678779681,
        null,
        null
      ],
      "pct_error_meem": [
        7.70668743141075E+65,
        118.78786275566519,
        null,
        null
      ],
      "pct_error_total": [
        -94.841237531945055,
        -31.945030533689678,
        null,
        null
      ]
    }
  ],
  "postpro_time": 299.807749,
  "analysis_time": 1955.841373
}
