{
  "err_structs": [
    {
      "pct_error_baseline": [
        10.194803182337859,
        2.181936101333056
      ],
      "pct_error_drag": [
        null,
        null
      ],
      "pct_error_meem": [
        15.81200992845165,
        0.0719416015112284
      ],
      "pct_error_total": [
        null,
        null
      ]
    },
    {
      "pct_error_baseline": [
        30.964568464475121,
        36.49722403919742
      ],
      "pct_error_drag": [
        22.718417954197,
        3.8370454243865253
      ],
      "pct_error_meem": [
        28.138010245879354,
        44.64705397765691
      ],
      "pct_error_total": [
        14.081986856492163,
        -0.94573114713162942
      ]
    },
    {
      "pct_error_baseline": [
        -67.91767842416138,
        -81.0221104484314,
        null,
        null
      ],
      "pct_error_drag": [
        -66.0378669499209,
        null,
        null,
        null
      ],
      "pct_error_meem": [
        -67.917244053794377,
        -82.252966774840857,
        null,
        null
      ],
      "pct_error_total": [
        -66.0378669499209,
        null,
        null,
        null
      ]
    }
  ],
  "postpro_time": 294.451314,
  "analysis_time": 1870.071788
}
