{
  "err_structs": [
    {
      "pct_error_baseline": [
<<<<<<< HEAD
        75.254592942310907,
        332.16799809585859
      ],
      "pct_error_drag": [
        11.454312543876895,
        2.6223980516600633
      ],
      "pct_error_meem": [
        63.466052801366153,
        409.12509518958279
      ],
      "pct_error_total": [
        -5.1764687128885027,
        -0.93784396755268018
=======
        112.46887082083362,
        332.16799809584643
      ],
      "pct_error_drag": [
        9.9243145925966427,
        1.0830062914821239
      ],
      "pct_error_meem": [
        100.05729194304662,
        411.11690735025712
      ],
      "pct_error_total": [
        -10.877058607775806,
        -0.52532087501602176
>>>>>>> origin/main
      ]
    },
    {
      "pct_error_baseline": [
<<<<<<< HEAD
        -0.16617310579460218,
        -0.066610212988386958
      ],
      "pct_error_drag": [
        5.6964578989016736,
        -4.8281051968913093
      ],
      "pct_error_meem": [
        -0.27985198041242854,
        5.9001055035454666
      ],
      "pct_error_total": [
        -2.1041239940633272,
        -6.2794232147532023
=======
        -0.16459450665159717,
        -0.066610212988348766
      ],
      "pct_error_drag": [
        6.3208673907242723,
        -0.064523742924085387
      ],
      "pct_error_meem": [
        -0.27827517879016012,
        5.90010550354556
      ],
      "pct_error_total": [
        -1.3678544213029225,
        -4.7250123167890417
>>>>>>> origin/main
      ]
    },
    {
      "pct_error_baseline": [
<<<<<<< HEAD
        214.26905502977309,
        188.83564339424856,
=======
        110.57420756826423,
        136.161954471176,
>>>>>>> origin/main
        null,
        null
      ],
      "pct_error_drag": [
<<<<<<< HEAD
        113.72522743987184,
        26.894363197604786,
=======
        82.735604996164483,
        6.7679807782922312,
>>>>>>> origin/main
        null,
        null
      ],
      "pct_error_meem": [
<<<<<<< HEAD
        214.26905502977309,
        211.43016630183786,
=======
        110.57420756826423,
        161.88640382804837,
>>>>>>> origin/main
        null,
        null
      ],
      "pct_error_total": [
<<<<<<< HEAD
        113.72522743987184,
        26.150073314296133,
=======
        82.735604996164483,
        6.3121741016932953,
>>>>>>> origin/main
        null,
        null
      ]
    }
  ],
<<<<<<< HEAD
  "postpro_time": 399.605975,
  "analysis_time": 5051.652612
=======
  "postpro_time": 307.330782,
  "analysis_time": 2561.950014
>>>>>>> origin/main
}
