{
  "err_structs": [
    {
      "pct_error_baseline": [
        36.464496303262813,
        38.534476550366257
      ],
      "pct_error_drag": [
        10.790884267350611,
        5.0022945755606028
      ],
      "pct_error_meem": [
        16.861507914291749,
        66.75213581378641
      ],
      "pct_error_total": [
        -12.715966046141702,
        5.0903398614575854
      ]
    },
    {
      "pct_error_baseline": [
        -0.16459450665159717,
        -0.066610212988386958
      ],
      "pct_error_drag": [
        5.7567808328543082,
        -4.8276990600241785
      ],
      "pct_error_meem": [
        -0.27827517879016012,
        5.9001055035454675
      ],
      "pct_error_total": [
        -2.0486004608632875,
        -6.27926538734057
      ]
    },
    {
      "pct_error_baseline": [
        36.494574442233287,
        -27.657557186404567,
        null,
        null
      ],
      "pct_error_drag": [
        65.471094368675381,
        -11.439039626615637,
        null,
        null
      ],
      "pct_error_meem": [
        36.494574442233287,
        -32.7477682461545,
        null,
        null
      ],
      "pct_error_total": [
        65.471094368675381,
        -10.810656387995564,
        null,
        null
      ]
    }
  ],
  "wecsimAvgPowerErrorBestCase": 0.16459450665159717,
  "wecsimAvgPowerErrorWorstCase": 12.715966046141702,
  "postpro_time": 430.253456,
  "analysis_time": 2608.386563
}
