{
  "err_structs": [
    {
      "pct_error_baseline": [
        112.4688708207976,
        332.16799809585859
      ],
      "pct_error_drag": [
        10.790884267200108,
        5.0022945755606028
      ],
      "pct_error_meem": [
        100.05729194295847,
        411.11690735027622
      ],
      "pct_error_total": [
        -12.715966046414323,
        5.0903398614574247
      ]
    },
    {
      "pct_error_baseline": [
        -0.16459450665159717,
        -0.066610212988386958
      ],
      "pct_error_drag": [
        5.7567808328543082,
        -4.8276990600241785
      ],
      "pct_error_meem": [
        -0.27827517879016012,
        5.9001055035454666
      ],
      "pct_error_total": [
        -2.0486004608632875,
        -6.27926538734057
      ]
    },
    {
      "pct_error_baseline": [
        110.57420756826414,
        153.6554325801564,
        null,
        null
      ],
      "pct_error_drag": [
        65.471094370339884,
        4.8272592138287163,
        null,
        null
      ],
      "pct_error_meem": [
        110.57420756826414,
        181.28539670425749,
        null,
        null
      ],
      "pct_error_total": [
        65.471094370339884,
        5.5710597838253539,
        null,
        null
      ]
    }
  ],
  "postpro_time": 294.874232,
  "analysis_time": 2293.435479
}
