{
  "err_structs": [
    {
      "pct_error_baseline": [
        112.46887082083362,
        332.16799809584643
      ],
      "pct_error_drag": [
        9.9243145925966427,
        1.0830062914821239
      ],
      "pct_error_meem": [
        100.05729194304662,
        411.11690735025712
      ],
      "pct_error_total": [
        -10.877058607775806,
        -0.52532087501602176
      ]
    },
    {
      "pct_error_baseline": [
        -0.16459450665159717,
        -0.066610212988348766
      ],
      "pct_error_drag": [
        6.3208673907242723,
        -0.064523742924085387
      ],
      "pct_error_meem": [
        -0.27827517879016012,
        5.90010550354556
      ],
      "pct_error_total": [
        -1.3678544213029225,
        -4.7250123167890417
      ]
    },
    {
      "pct_error_baseline": [
        110.57420756826423,
        136.161954471176,
        null,
        null
      ],
      "pct_error_drag": [
        82.735604996164483,
        6.7679807782922312,
        null,
        null
      ],
      "pct_error_meem": [
        110.57420756826423,
        161.88640382804837,
        null,
        null
      ],
      "pct_error_total": [
        82.735604996164483,
        6.3121741016932953,
        null,
        null
      ]
    }
  ],
  "wecsimAvgPowerErrorBestCase": 0.16459450665159717,
  "wecsimAvgPowerErrorWorstCase": 10.877058607775806,
  "postpro_time": 298.625154,
  "analysis_time": 3169.520303
}
