{
  "err_structs": [
    {
      "pct_error_baseline": [
        168.8174391522324,
        332.16799809584654
      ],
      "pct_error_drag": [
        77.639940221782581,
        61.510585011425853
      ],
      "pct_error_meem": [
        355.77329545163593,
        2649.2755140236468
      ],
      "pct_error_total": [
        66.662336978269011,
        22.919468122465556
      ]
    },
    {
      "pct_error_baseline": [
        105.06841918671361,
        231.55617372948504
      ],
      "pct_error_drag": [
        140.35083699036718,
        49.072336048053472
      ],
      "pct_error_meem": [
        156.68755305916292,
        251.35237434793626
      ],
      "pct_error_total": [
        70.983359554407286,
        70.513378835004346
      ]
    },
    {
      "pct_error_baseline": [
        16.577924123409659,
        136.161954471176,
        null,
        null
      ],
      "pct_error_drag": [
        16.63187801767188,
        5.8524335100514167,
        null,
        null
      ],
      "pct_error_meem": [
        -18.034552580620062,
        158.8973797623193,
        null,
        null
      ],
      "pct_error_total": [
        -2.6255679857179839,
        6.4989845135581685,
        null,
        null
      ]
    }
  ],
  "postpro_time": 451.988413,
  "analysis_time": 1983.00699
}
