{
  "err_structs": [
    {
      "pct_error_baseline": [
        1590.546535289159,
        4951.301559055335
      ],
      "pct_error_drag": [
        35.056924393303468,
        11.024671329340125
      ],
      "pct_error_meem": [
        210.66285743958278,
        437.22662724620648
      ],
      "pct_error_total": [
        10.100292047146485,
        7.6039369789208884
      ]
    },
    {
      "pct_error_baseline": [
        43.516087529440249,
        36.49722403919742
      ],
      "pct_error_drag": [
        37.470127858945922,
        3.9143310582023476
      ],
      "pct_error_meem": [
        38.209709852670912,
        44.64705397765691
      ],
      "pct_error_total": [
        50.632292438038121,
        -0.93180913735690607
      ]
    },
    {
      "pct_error_baseline": [
        23.117193104098934,
        136.161954471176,
        null,
        null
      ],
      "pct_error_drag": [
        47.269225562249744,
        5.8524335100514167,
        null,
        null
      ],
      "pct_error_meem": [
        32.275405923011185,
        158.8973797623193,
        null,
        null
      ],
      "pct_error_total": [
        47.269225562249744,
        6.4989845135581685,
        null,
        null
      ]
    }
  ],
  "postpro_time": 316.931008,
  "analysis_time": 2213.785513
}
