{
  "err_structs": [
    {
      "pct_error_baseline": [
        -99.999999999999986,
        -100
      ],
      "pct_error_drag": [
        -99.932950324930232,
        -99.469995078851554
      ],
      "pct_error_meem": [
        4894.0999102845744,
        1081.4909683356564
      ],
      "pct_error_total": [
        453.826062933526,
        86.032875814672266
      ]
    },
    {
      "pct_error_baseline": [
        null,
        null
      ],
      "pct_error_drag": [
        null,
        null
      ],
      "pct_error_meem": [
        null,
        null
      ],
      "pct_error_total": [
        null,
        null
      ]
    },
    {
      "pct_error_baseline": [
        -99.999999999999986,
        52.5572393790675,
        null,
        null
      ],
      "pct_error_drag": [
        -99.999999999999986,
        -57.404442692107011,
        null,
        null
      ],
      "pct_error_meem": [
        -99.999999999999986,
        64.5699844080072,
        null,
        null
      ],
      "pct_error_total": [
        -99.999999999999986,
        -70.7874509998471,
        null,
        null
      ]
    }
  ],
  "postpro_time": 660.633073,
  "analysis_time": 1512.083366
}
