{
  "err_structs": [
    {
      "pct_error_baseline": [
        109.38281566558329,
        332.16799809584654
      ],
      "pct_error_drag": [
        null,
        null
      ],
      "pct_error_meem": [
        93.791270220771565,
        409.12509518956426
      ],
      "pct_error_total": [
        null,
        null
      ]
    },
    {
      "pct_error_baseline": [
        -0.16617310579457825,
        -0.066610212988348766
      ],
      "pct_error_drag": [
        1.658246611707431,
        3.9626925659367989
      ],
      "pct_error_meem": [
        -0.27985198041240467,
        5.90010550354556
      ],
      "pct_error_total": [
        -3.6995900940990705,
        8.8510145790035679
      ]
    },
    {
      "pct_error_baseline": [
        113.4494878525548,
        162.40217163463993,
        null,
        null
      ],
      "pct_error_drag": [
        79.268151779439719,
        null,
        null,
        null
      ],
      "pct_error_meem": [
        113.4494878525548,
        187.66375529146586,
        null,
        null
      ],
      "pct_error_total": [
        79.268151779439719,
        null,
        null,
        null
      ]
    }
  ],
  "postpro_time": 313.592606,
  "analysis_time": 4331.625046
}
