{
  "err_structs": [
    {
      "pct_error_baseline": [
        112.46887082083362,
        332.16799809584643
      ],
      "pct_error_drag": [
        9.9243145925966427,
        1.0830062914821239
      ],
      "pct_error_meem": [
        96.647524429629385,
        409.12509518956426
      ],
      "pct_error_total": [
        -11.149449316329388,
        -0.38480408799997334
      ]
    },
    {
      "pct_error_baseline": [
        -0.16459450665159717,
        -0.066610212988348766
      ],
      "pct_error_drag": [
        6.3208673907242723,
        -0.064523742924085387
      ],
      "pct_error_meem": [
        -0.27827517879016012,
        5.90010550354556
      ],
      "pct_error_total": [
        -2.8926686312252334,
        -4.6761196944752239
      ]
    },
    {
      "pct_error_baseline": [
        110.57420756826423,
        136.161954471176,
        null,
        null
      ],
      "pct_error_drag": [
        82.735604996164483,
        6.7679807782922312,
        null,
        null
      ],
      "pct_error_meem": [
        110.57420756826423,
        158.8973797623193,
        null,
        null
      ],
      "pct_error_total": [
        82.735604996164483,
        6.4989845135581685,
        null,
        null
      ]
    }
  ],
  "postpro_time": 313.166034,
  "analysis_time": 2737.268158
}
