{
  "err_structs": [
    {
      "pct_error_baseline": [
        109.38281566558329,
        332.16799809584654
      ],
      "pct_error_drag": [
        12.830286323069432,
        4.6888624209116525
      ],
      "pct_error_meem": [
        93.791270220771565,
        409.12509518956426
      ],
      "pct_error_total": [
        -7.5612268323675131,
        1.5649895496198662
      ]
    },
    {
      "pct_error_baseline": [
        -0.16617310579457825,
        -0.066610212988348766
      ],
      "pct_error_drag": [
        6.7159782426195669,
        -0.0307946682753715
      ],
      "pct_error_meem": [
        -0.27985198041240467,
        5.90010550354556
      ],
      "pct_error_total": [
        -0.9289393605645514,
        -4.6015088341054433
      ]
    },
    {
      "pct_error_baseline": [
        113.4494878525548,
        136.161954471176,
        null,
        null
      ],
      "pct_error_drag": [
        83.007888245097078,
        9.9265073649217168,
        null,
        null
      ],
      "pct_error_meem": [
        113.4494878525548,
        158.8973797623193,
        null,
        null
      ],
      "pct_error_total": [
        83.007888245097078,
        10.75968586955595,
        null,
        null
      ]
    }
  ],
  "postpro_time": 312.082013,
  "analysis_time": 2593.209082
}
