{
  "err_structs": [
    {
      "pct_error_baseline": [
        120.1428778493578,
        332.16799809584654
      ],
      "pct_error_drag": [
        115.92445572594949,
        33.759038863618038
      ],
      "pct_error_meem": [
        348.72510917393021,
        957.41365923986484
      ],
      "pct_error_total": [
        76.901011551492829,
        29.767723807426776
      ]
    },
    {
      "pct_error_baseline": [
        134.50747199107832,
        231.556178471477
      ],
      "pct_error_drag": [
        121.93536103034569,
        48.781599624839394
      ],
      "pct_error_meem": [
        134.2404428053328,
        251.352379373058
      ],
      "pct_error_total": [
        106.03635906034545,
        41.979123174580913
      ]
    },
    {
      "pct_error_baseline": [
        0.1115511987534176,
        136.161954471176,
        null,
        null
      ],
      "pct_error_drag": [
        -4.649046064928906,
        9.9265073649217168,
        null,
        null
      ],
      "pct_error_meem": [
        -7.7164424138454732,
        158.8973797623193,
        null,
        null
      ],
      "pct_error_total": [
        -4.649046064928906,
        10.75968586955595,
        null,
        null
      ]
    }
  ],
  "postpro_time": 310.958959,
  "analysis_time": 2056.838479
}
