{
  "err_structs": [
    {
      "pct_error_baseline": [
        36.464496303262827,
        38.534476550366257
      ],
      "pct_error_drag": [
        10.790884267350609,
        5.0022945755606028
      ],
      "pct_error_meem": [
        16.861507914291781,
        66.752135813786438
      ],
      "pct_error_total": [
        -12.715966046141702,
        5.0903398614575863
      ]
    },
    {
      "pct_error_baseline": [
        -100,
        -100
      ],
      "pct_error_drag": [
        -99.804332070472384,
        -99.7170754334438
      ],
      "pct_error_meem": [
        -100,
        -99.999999999999986
      ],
      "pct_error_total": [
        -99.826724026762918,
        -99.718290069192335
      ]
    },
    {
      "pct_error_baseline": [
        -79.467618943486713,
        -27.657557186404571,
        null,
        null
      ],
      "pct_error_drag": [
        -75.996634257862,
        -11.439039626615202,
        null,
        null
      ],
      "pct_error_meem": [
        -79.467618943486713,
        -32.7477682461545,
        null,
        null
      ],
      "pct_error_total": [
        -59.525589357959682,
        -10.810656387995001,
        null,
        null
      ]
    }
  ],
  "wecsimAvgPowerErrorBestCase": 100,
  "wecsimAvgPowerErrorWorstCase": 12.715966046141702,
  "postpro_time": 434.931223,
  "analysis_time": 3186.651883
}
