{
  "err_structs": [
    {
      "pct_error_baseline": [
        112.46887082083362,
        332.16799809584643
      ],
      "pct_error_drag": [
        9.8747409088570972,
        3.17113252268084
      ],
      "pct_error_meem": [
        100.05729194304662,
        411.11690735025712
      ],
      "pct_error_total": [
        -13.537650227659562,
        2.6116272126938846
      ]
    },
    {
      "pct_error_baseline": [
        -0.16459450665159717,
        -0.066610212988348766
      ],
      "pct_error_drag": [
        6.3208673907242723,
        -0.064523742924085387
      ],
      "pct_error_meem": [
        -0.27827517879016012,
        5.90010550354556
      ],
      "pct_error_total": [
        -1.3678544213029225,
        -4.7250123167890417
      ]
    },
    {
      "pct_error_baseline": [
        110.57420756826423,
        136.161954471176,
        null,
        null
      ],
      "pct_error_drag": [
        66.655217065474261,
        -2.882328066906874,
        null,
        null
      ],
      "pct_error_meem": [
        110.57420756826423,
        161.88640382804837,
        null,
        null
      ],
      "pct_error_total": [
        66.655217065474261,
        -2.4379022670317023,
        null,
        null
      ]
    }
  ],
  "postpro_time": 316.379275,
  "analysis_time": 3417.346283
}
