{
  "err_structs": [
    {
      "pct_error_baseline": [
        109.38074463205412,
        332.16799809584654
      ],
      "pct_error_drag": [
        12.829766768753782,
        4.6888624264418466
      ],
      "pct_error_meem": [
        93.787886351346174,
        409.12509518956426
      ],
      "pct_error_total": [
        -7.5620719932897718,
        1.5649895616269691
      ]
    },
    {
      "pct_error_baseline": [
        -0.16617310579457825,
        -0.066610212988348766
      ],
      "pct_error_drag": [
        6.7159782426195669,
        -0.0307946682753715
      ],
      "pct_error_meem": [
        -0.27985198041240467,
        5.90010550354556
      ],
      "pct_error_total": [
        -0.9289393605645514,
        -4.6015088341054433
      ]
    },
    {
      "pct_error_baseline": [
        113.4531587464916,
        136.1637540653345,
        null,
        null
      ],
      "pct_error_drag": [
        83.009614273098563,
        9.92705838812184,
        null,
        null
      ],
      "pct_error_meem": [
        113.4531587464916,
        158.8973797623193,
        null,
        null
      ],
      "pct_error_total": [
        83.009614273098563,
        10.75968586955595,
        null,
        null
      ]
    }
  ],
  "postpro_time": 293.887911,
  "analysis_time": 2145.28242
}
