{
  "err_structs": [
    {
      "pct_error_baseline": [
        109.38281566558329,
        332.16799809584654
      ],
      "pct_error_drag": [
        12.830846048526137,
        4.68751606807982
      ],
      "pct_error_meem": [
        93.791270220771565,
        409.12509518956426
      ],
      "pct_error_total": [
        -7.5604329852781031,
        1.5634568230220147
      ]
    },
    {
      "pct_error_baseline": [
        -0.16617310579457825,
        -0.066610212988348766
      ],
      "pct_error_drag": [
        6.716013839078939,
        -0.027997188028983544
      ],
      "pct_error_meem": [
        -0.27985198041240467,
        5.90010550354556
      ],
      "pct_error_total": [
        -0.92890465106198128,
        -4.6055551633206333
      ]
    },
    {
      "pct_error_baseline": [
        113.4494878525548,
        162.40217163463993,
        null,
        null
      ],
      "pct_error_drag": [
        83.0083943707608,
        22.141517664870474,
        null,
        null
      ],
      "pct_error_meem": [
        113.4494878525548,
        187.66375529146586,
        null,
        null
      ],
      "pct_error_total": [
        83.0083943707608,
        23.066321135115121,
        null,
        null
      ]
    }
  ],
  "postpro_time": 281.441394,
  "analysis_time": 3863.136922
}
