{
  "err_structs": [
    {
      "pct_error_baseline": [
        159.59698750025126,
        366.74143794351522
      ],
      "pct_error_drag": [
        47.940571465517159,
        24.799140061874205
      ],
      "pct_error_meem": [
        228.06266939545984,
        961.55049988130406
      ],
      "pct_error_total": [
        19.94524531828591,
        22.813466557681714
      ]
    },
    {
      "pct_error_baseline": [
        91.1543662286105,
        231.55617372948504
      ],
      "pct_error_drag": [
        85.802059533162264,
        47.978014823418064
      ],
      "pct_error_meem": [
        77.853919562122911,
        251.35237434793626
      ],
      "pct_error_total": [
        60.346114403254944,
        41.077063598712918
      ]
    },
    {
      "pct_error_baseline": [
        26.41373589511862,
        136.161954471176,
        null,
        null
      ],
      "pct_error_drag": [
        24.125119016837012,
        6.7679807782922312,
        null,
        null
      ],
      "pct_error_meem": [
        27.142770001396418,
        161.88640382804837,
        null,
        null
      ],
      "pct_error_total": [
        43.841799320190965,
        6.3121741016932953,
        null,
        null
      ]
    }
  ],
  "postpro_time": 335.770018,
  "analysis_time": 1998.281861
}
