{
  "err_structs": [
    {
      "pct_error_baseline": [
        109.38281566558329,
        332.16799809584654
      ],
      "pct_error_drag": [
        12.830279576602193,
        4.6888742108454577
      ],
      "pct_error_meem": [
        93.791270220771565,
        409.12509518956426
      ],
      "pct_error_total": [
        -7.5612323595639328,
        1.5650009877468642
      ]
    },
    {
      "pct_error_baseline": [
        -0.16617310579457825,
        -0.066610212988348766
      ],
      "pct_error_drag": [
        6.7159741358290628,
        -0.031012190554614606
      ],
      "pct_error_meem": [
        -0.27985198041240467,
        5.90010550354556
      ],
      "pct_error_total": [
        -0.92894317315286012,
        -4.6017164110004067
      ]
    },
    {
      "pct_error_baseline": [
        113.4494878525548,
        136.161954471176,
        null,
        null
      ],
      "pct_error_drag": [
        83.020917593610065,
        9.9265073649217168,
        null,
        null
      ],
      "pct_error_meem": [
        113.4494878525548,
        158.8973797623193,
        null,
        null
      ],
      "pct_error_total": [
        83.020917593610065,
        10.75968586955595,
        null,
        null
      ]
    }
  ],
  "postpro_time": 319.226186,
  "analysis_time": 2827.24795
}
