{
  "err_structs": [
    {
      "pct_error_baseline": [
        750.67475095201064,
        3616.4025339205177
      ],
      "pct_error_drag": [
        173.73087985597141,
        70.1973343644975
      ],
      "pct_error_meem": [
        641.495263361973,
        4278.1904309938891
      ],
      "pct_error_total": [
        123.14923836633096,
        64.953456035117853
      ]
    },
    {
      "pct_error_baseline": [
        200.12312343520833,
        348.25232496501911
      ],
      "pct_error_drag": [
        191.53361047141226,
        76.549296376358555
      ],
      "pct_error_meem": [
        199.78137895860866,
        375.01609429218814
      ],
      "pct_error_total": [
        170.45202231390496,
        68.315757912949081
      ]
    },
    {
      "pct_error_baseline": [
        -45.296310245797287,
        136.161954471176,
        null,
        null
      ],
      "pct_error_drag": [
        -27.906535564183432,
        5.8524335100514167,
        null,
        null
      ],
      "pct_error_meem": [
        -45.296310245797287,
        158.8973797623193,
        null,
        null
      ],
      "pct_error_total": [
        -27.906535564183432,
        6.4989845135581685,
        null,
        null
      ]
    }
  ],
  "postpro_time": 332.674349,
  "analysis_time": 1741.045914
}
