{
  "err_structs": [
    {
      "pct_error_baseline": [
        36.464496303262827,
        38.534476550366257
      ],
      "pct_error_drag": [
        10.790884267350611,
        5.0022945755606028
      ],
      "pct_error_meem": [
        16.861507914291781,
        66.752135813786438
      ],
      "pct_error_total": [
        -12.715966046141702,
        5.0903398614575854
      ]
    },
    {
      "pct_error_baseline": [
        -100,
        -100
      ],
      "pct_error_drag": [
        405.94014085998504,
        5.510714549611663
      ],
      "pct_error_meem": [
        -100,
        -100
      ],
      "pct_error_total": [
        -40.708408125502906,
        -98.564487193159508
      ]
    },
    {
      "pct_error_baseline": [
        -73.663202266400688,
        114.2951068349597,
        null,
        null
      ],
      "pct_error_drag": [
        -92.130127275656719,
        -11.439039629696406,
        null,
        null
      ],
      "pct_error_meem": [
        -85.455738488520609,
        137.63766273290716,
        null,
        null
      ],
      "pct_error_total": [
        -92.130127275656719,
        -10.810656389526866,
        null,
        null
      ]
    }
  ],
  "wecsimAvgPowerErrorBestCase": 100,
  "wecsimAvgPowerErrorWorstCase": 12.715966046141702,
  "postpro_time": 464.844925,
  "analysis_time": 2248.167753
}
