{
  "err_structs": [
    {
      "pct_error_baseline": [
        109.38281566558329,
        332.16799809584654
      ],
      "pct_error_drag": [
        12.830286323069432,
        4.6888624209116525
      ],
      "pct_error_meem": [
        93.791270220771565,
        409.12509518956426
      ],
      "pct_error_total": [
        -7.5612268323675131,
        1.5649895496198662
      ]
    },
    {
      "pct_error_baseline": [
        -0.16617310579457825,
        -0.066610212988348766
      ],
      "pct_error_drag": [
        6.7385323114350868,
        -0.0307946682753715
      ],
      "pct_error_meem": [
        55.115341105172533,
        13.514215298611889
      ],
      "pct_error_total": [
        48.9471884119993,
        -4.6015088341054433
      ]
    },
    {
      "pct_error_baseline": [
        17.271185907162863,
        136.161954471176,
        null,
        null
      ],
      "pct_error_drag": [
        27.818603084047176,
        9.9265073649217168,
        null,
        null
      ],
      "pct_error_meem": [
        17.364058652114913,
        158.8973797623193,
        null,
        null
      ],
      "pct_error_total": [
        27.854158874442746,
        10.75968586955595,
        null,
        null
      ]
    }
  ],
  "postpro_time": 319.204341,
  "analysis_time": 4124.210232
}
