{
  "err_structs": [
    {
      "pct_error_baseline": [
        104.86933483149895,
        332.16799809585831
      ],
      "pct_error_drag": [
        21.56931267981421,
        1.5131070996653024
      ],
      "pct_error_meem": [
        104.74888150366137,
        478.84920338867067
      ],
      "pct_error_total": [
        16.758859525424494,
        -0.69970575746964914
      ]
    },
    {
      "pct_error_baseline": [
        24.575868164208067,
        36.5004214638608
      ],
      "pct_error_drag": [
        24.404516039123116,
        8.6562847965075456
      ],
      "pct_error_meem": [
        22.052060989419942,
        56.22247769558254
      ],
      "pct_error_total": [
        19.342099092217648,
        6.9990609750276374
      ]
    },
    {
      "pct_error_baseline": [
        154.99740206992863,
        188.83564339424854,
        null,
        null
      ],
      "pct_error_drag": [
        94.042297986308,
        26.99918561060985,
        null,
        null
      ],
      "pct_error_meem": [
        82.896576212853844,
        215.27776900899329,
        null,
        null
      ],
      "pct_error_total": [
        63.924808467536891,
        24.64046002501393,
        null,
        null
      ]
    }
  ],
  "postpro_time": 436.139981,
  "analysis_time": 3967.643582
}
