{
  "err_structs": [
    {
      "pct_error_baseline": [
        76.965031973555469,
        332.16799809585831
      ],
      "pct_error_drag": [
        11.522710331556551,
        1.5131070996653024
      ],
      "pct_error_meem": [
        68.239532129225651,
        411.11690735027582
      ],
      "pct_error_total": [
        -6.2186212893806125,
        -0.69970575746964914
      ]
    },
    {
      "pct_error_baseline": [
        -0.16459450665159717,
        -0.066610212988386958
      ],
      "pct_error_drag": [
        5.7567808328543268,
        -4.8276990600198459
      ],
      "pct_error_meem": [
        -0.27827517879016012,
        5.9001055035454666
      ],
      "pct_error_total": [
        -2.0486004608632875,
        -6.2792653873443323
      ]
    },
    {
      "pct_error_baseline": [
        211.47414310429457,
        188.83564339424854,
        null,
        null
      ],
      "pct_error_drag": [
        113.93491881045155,
        26.99918561060985,
        null,
        null
      ],
      "pct_error_meem": [
        211.47414310429457,
        215.27776900899329,
        null,
        null
      ],
      "pct_error_total": [
        113.93491881045155,
        24.64046002501393,
        null,
        null
      ]
    }
  ],
  "postpro_time": 420.112623,
  "analysis_time": 4826.510285
}
