{
  "err_structs": [
    {
      "pct_error_baseline": [
        112.46887082083362,
        332.16799809584643
      ],
      "pct_error_drag": [
        10.208212236820884,
        2.2105061463079796
      ],
      "pct_error_meem": [
        100.05729194304662,
        411.11690735025712
      ],
      "pct_error_total": [
        -10.349946323205895,
        1.5750144812651403
      ]
    },
    {
      "pct_error_baseline": [
        -0.16459450665159717,
        -0.066610212988348766
      ],
      "pct_error_drag": [
        6.3208673907242723,
        -0.064523742924085387
      ],
      "pct_error_meem": [
        -0.27827517879016012,
        5.90010550354556
      ],
      "pct_error_total": [
        -1.3678544213029225,
        -4.7250123167890417
      ]
    },
    {
      "pct_error_baseline": [
        110.57420756826423,
        136.161954471176,
        null,
        null
      ],
      "pct_error_drag": [
        81.305514654968462,
        6.166770174035344,
        null,
        null
      ],
      "pct_error_meem": [
        110.57420756826423,
        161.88640382804837,
        null,
        null
      ],
      "pct_error_total": [
        81.305514654968462,
        6.0366955950557513,
        null,
        null
      ]
    }
  ],
  "postpro_time": 307.456768,
  "analysis_time": 2548.12568
}
