{
  "err_structs": [
    {
      "pct_error_baseline": [
        -99.999999999999986,
        -100
      ],
      "pct_error_drag": [
        -99.9321678405504,
        -99.469995078851554
      ],
      "pct_error_meem": [
        24567.032313553038,
        797.93937637929014
      ],
      "pct_error_total": [
        3656.6700777937763,
        78.123787776879482
      ]
    },
    {
      "pct_error_baseline": [
        null,
        null
      ],
      "pct_error_drag": [
        null,
        null
      ],
      "pct_error_meem": [
        null,
        null
      ],
      "pct_error_total": [
        null,
        null
      ]
    },
    {
      "pct_error_baseline": [
        -99.999999999999986,
        52.677237575058754,
        null,
        null
      ],
      "pct_error_drag": [
        -99.999999999999986,
        -57.404442692107011,
        null,
        null
      ],
      "pct_error_meem": [
        -99.999999999999986,
        65.091251278366627,
        null,
        null
      ],
      "pct_error_total": [
        -99.999999999999986,
        -70.7874509998471,
        null,
        null
      ]
    }
  ],
  "postpro_time": 392.324761,
  "analysis_time": 1854.573504
}
