{
  "err_structs": [
    {
      "pct_error_baseline": [
        40.870062629511004,
        38.534476550366257
      ],
      "pct_error_drag": [
        66.57677885861348,
        43.574712106910845
      ],
      "pct_error_meem": [
        65.74251450357157,
        282.90613020071163
      ],
      "pct_error_total": [
        43.226878728162824,
        43.6951006815237
      ]
    },
    {
      "pct_error_baseline": [
        112.47251824837801,
        231.55617372948404
      ],
      "pct_error_drag": [
        51.305540364543091,
        83.71920183051337
      ],
      "pct_error_meem": [
        84.978074808377528,
        251.35237434793504
      ],
      "pct_error_total": [
        40.1384319758737,
        80.917119665590093
      ]
    },
    {
      "pct_error_baseline": [
        1.5266889585873196,
        -27.657557186404567,
        null,
        null
      ],
      "pct_error_drag": [
        9.7716960438995883,
        -11.439039626615637,
        null,
        null
      ],
      "pct_error_meem": [
        1.5266889585873196,
        -32.7477682461545,
        null,
        null
      ],
      "pct_error_total": [
        -71.548288628691679,
        -10.810656387995564,
        null,
        null
      ]
    }
  ],
  "wecsimAvgPowerErrorBestCase": 112.47251824837801,
  "wecsimAvgPowerErrorWorstCase": 43.226878728162824,
  "postpro_time": 376.697166,
  "analysis_time": 2193.780387
}
