{
  "err_structs": [
    {
      "pct_error_baseline": [
        126.69232081817084,
        332.16799809585859
      ],
      "pct_error_drag": [
        49.223287017348092,
        43.574712106910845
      ],
      "pct_error_meem": [
        232.65833496340426,
        961.55049988134317
      ],
      "pct_error_total": [
        25.08294409961804,
        43.695100681523471
      ]
    },
    {
      "pct_error_baseline": [
        56.942641910854938,
        231.55617372948404
      ],
      "pct_error_drag": [
        51.285732974789262,
        83.71920183051337
      ],
      "pct_error_meem": [
        56.763934317777483,
        251.352374347935
      ],
      "pct_error_total": [
        40.120086470911033,
        80.917119665590093
      ]
    },
    {
      "pct_error_baseline": [
        25.255227416554508,
        118.66847636220382,
        null,
        null
      ],
      "pct_error_drag": [
        22.548048268011783,
        -9.6316730915269684,
        null,
        null
      ],
      "pct_error_meem": [
        25.255227416554508,
        142.48741095194606,
        null,
        null
      ],
      "pct_error_total": [
        22.52571125816365,
        -8.9904657035988382,
        null,
        null
      ]
    }
  ],
  "postpro_time": 485.199393,
  "analysis_time": 4101.179577
}
