{
  "err_structs": [
    {
      "pct_error_baseline": [
        112.46887082083362,
        332.16799809584654
      ],
      "pct_error_drag": [
        9.7427018606442246,
        2.1312507734878507
      ],
      "pct_error_meem": [
        96.647524429629385,
        409.12509518956426
      ],
      "pct_error_total": [
        -10.536215901722754,
        -1.0154721448426971
      ]
    },
    {
      "pct_error_baseline": [
        -0.16459450665159717,
        -0.066610212988348766
      ],
      "pct_error_drag": [
        4.871044069268331,
        -0.32483511359529482
      ],
      "pct_error_meem": [
        -0.27827517879016012,
        5.90010550354556
      ],
      "pct_error_total": [
        -3.0049739195135996,
        -4.9159137737450855
      ]
    },
    {
      "pct_error_baseline": [
        110.57420756826423,
        136.161954471176,
        null,
        null
      ],
      "pct_error_drag": [
        81.458305032398172,
        5.8524335100514167,
        null,
        null
      ],
      "pct_error_meem": [
        110.57420756826423,
        158.8973797623193,
        null,
        null
      ],
      "pct_error_total": [
        81.458305032398172,
        6.4989845135581685,
        null,
        null
      ]
    }
  ],
  "postpro_time": 326.571587,
  "analysis_time": 3512.92408
}
