{
  "err_structs": [
    {
      "pct_error_baseline": [
        -100,
        -99.999999939276719
      ],
      "pct_error_drag": [
        -100,
        -100
      ],
      "pct_error_meem": [
        -100,
        -99.999999928669737
      ],
      "pct_error_total": [
        -100,
        -100
      ]
    },
    {
      "pct_error_baseline": [
        -100,
        -100
      ],
      "pct_error_drag": [
        -100,
        -100
      ],
      "pct_error_meem": [
        -100,
        -100
      ],
      "pct_error_total": [
        -100,
        -100
      ]
    },
    {
      "pct_error_baseline": [
        8.37391187184006E+22,
        -59.763885382194317,
        null,
        null
      ],
      "pct_error_drag": [
        -7.5763693579520055,
        -28.784835312414362,
        null,
        null
      ],
      "pct_error_meem": [
        -43.277716777591138,
        -61.389877173877764,
        null,
        null
      ],
      "pct_error_total": [
        -16.827786822943771,
        -28.074144289919861,
        null,
        null
      ]
    }
  ],
  "postpro_time": 325.598035,
  "analysis_time": 2284.477153
}
