{
  "err_structs": [
    {
      "pct_error_baseline": [
        109.38281566558329,
        332.16799809584654
      ],
      "pct_error_drag": [
        12.830286323069432,
        4.6888624209116525
      ],
      "pct_error_meem": [
        93.791270220771565,
        409.12509518956426
      ],
      "pct_error_total": [
        -7.5612268323675131,
        1.5649895496198662
      ]
    },
    {
      "pct_error_baseline": [
        -0.16617310579457825,
        -0.066610212988348766
      ],
      "pct_error_drag": [
        6.7159782426195669,
        -0.0307946682753715
      ],
      "pct_error_meem": [
        -0.27985198041240467,
        5.90010550354556
      ],
      "pct_error_total": [
        -0.9289393605645514,
        -4.6015088341054433
      ]
    },
    {
      "pct_error_baseline": [
        113.4494878525548,
        162.40217163463993,
        null,
        null
      ],
      "pct_error_drag": [
        83.007888245097078,
        22.140563738801923,
        null,
        null
      ],
      "pct_error_meem": [
        113.4494878525548,
        187.66375529146586,
        null,
        null
      ],
      "pct_error_total": [
        83.007888245097078,
        23.066317632839933,
        null,
        null
      ]
    }
  ],
  "postpro_time": 308.069787,
  "analysis_time": 2244.591497
}
