{
  "err_structs": [
    {
      "pct_error_baseline": [
        36.464496303262827,
        38.534476550366257
      ],
      "pct_error_drag": [
        10.790884267350611,
        5.0022945755606028
      ],
      "pct_error_meem": [
        16.861507914291781,
        66.752135813786438
      ],
      "pct_error_total": [
        -12.715966046141702,
        5.0903398614575854
      ]
    },
    {
      "pct_error_baseline": [
        -100,
        -100
      ],
      "pct_error_drag": [
        -99.983463669588474,
        -99.936370947974709
      ],
      "pct_error_meem": [
        -100,
        -100
      ],
      "pct_error_total": [
        -99.05375595395806,
        -99.294387223274285
      ]
    },
    {
      "pct_error_baseline": [
        -80.369275783364913,
        -27.657557186404567,
        null,
        null
      ],
      "pct_error_drag": [
        -78.659406002904618,
        -11.439039626615202,
        null,
        null
      ],
      "pct_error_meem": [
        -80.369275783364913,
        -32.7477682461545,
        null,
        null
      ],
      "pct_error_total": [
        -78.659406002904618,
        -10.810656387995001,
        null,
        null
      ]
    }
  ],
  "wecsimAvgPowerErrorBestCase": 100,
  "wecsimAvgPowerErrorWorstCase": 12.715966046141702,
  "postpro_time": 306.52777,
  "analysis_time": 1737.398475
}
