{
  "err_structs": [
    {
      "pct_error_baseline": [
        189.24415519596607,
        332.16799809584654
      ],
      "pct_error_drag": [
        56.895878457913255,
        33.759038863618038
      ],
      "pct_error_meem": [
        231.49484324593618,
        957.41365923986484
      ],
      "pct_error_total": [
        28.582470442601323,
        29.767723807426776
      ]
    },
    {
      "pct_error_baseline": [
        89.418630418443385,
        231.556178471477
      ],
      "pct_error_drag": [
        84.73270104927326,
        48.781599624839394
      ],
      "pct_error_meem": [
        108.39334677209908,
        251.352379373058
      ],
      "pct_error_total": [
        135.1406394952416,
        70.78440441406633
      ]
    },
    {
      "pct_error_baseline": [
        -24.244610398076173,
        136.161954471176,
        null,
        null
      ],
      "pct_error_drag": [
        -10.428512454839206,
        9.9265073649217168,
        null,
        null
      ],
      "pct_error_meem": [
        -24.244610398076173,
        158.8973797623193,
        null,
        null
      ],
      "pct_error_total": [
        -3.6051661200741947,
        10.75968586955595,
        null,
        null
      ]
    }
  ],
  "postpro_time": 296.538903,
  "analysis_time": 1998.142723
}
