{
  "err_structs": [
    {
      "pct_error_baseline": [
        76.965031973555469,
        332.16799809585831
      ],
      "pct_error_drag": [
        11.444826074442547,
        5.0022941692125995
      ],
      "pct_error_meem": [
        68.239532129225651,
        411.11690735027582
      ],
      "pct_error_total": [
        -4.9367703813412716,
        5.0903383247239793
      ]
    },
    {
      "pct_error_baseline": [
        -0.16459450665159717,
        -0.066610212988386958
      ],
      "pct_error_drag": [
        5.7567808328543268,
        -4.8276990600198459
      ],
      "pct_error_meem": [
        -0.27827517879016012,
        5.9001055035454666
      ],
      "pct_error_total": [
        -2.0486004608632875,
        -6.2792653873443323
      ]
    },
    {
      "pct_error_baseline": [
        211.47414310429457,
        167.44041055023013,
        null,
        null
      ],
      "pct_error_drag": [
        113.39187809825913,
        17.235222309478594,
        null,
        null
      ],
      "pct_error_meem": [
        211.47414310429457,
        191.92386019351227,
        null,
        null
      ],
      "pct_error_total": [
        113.39187809825913,
        15.879463528915943,
        null,
        null
      ]
    }
  ],
  "postpro_time": 377.88359,
  "analysis_time": 4214.365457
}
