{
  "location_flags": [
    null,
    -2,
    -2,
    -2,
    -2
  ],
  "pct_diff_lcoe_hawaii": [
    14.062892629045958,
    1.1407404947577657,
    -1,
    -1
  ],
  "postpro_time": 1.118516,
  "analysis_time": 764.501499
}
