{
  "location_flags": [
    null,
    -2,
    -2,
    -2,
    -2
  ],
  "pct_diff_lcoe_hawaii": [
    5.8030325394142181,
    -0.0068039234720898827,
    -1,
    -1
  ],
  "postpro_time": 3.027621,
  "analysis_time": 667.97363
}
