{
  "location_flags": [
    null,
    -2,
    -2,
    -2,
    -2
  ],
  "pct_diff_lcoe_hawaii": [
    0.45765572816406369,
    0.64617932792800337,
    -1,
    -1
  ],
  "postpro_time": 2.616028,
  "analysis_time": 1088.067056
}
