{
  "location_flags": [
    null,
    -2,
    -2,
    -2,
    -2
  ],
  "pct_diff_lcoe_hawaii": [
    0.09192892284890071,
    0.62296173218328088,
    -1.0602021325062636,
    -1,
    -1
  ],
  "postpro_time": 0.7246,
  "analysis_time": 1199.421702
}
