{
  "location_flags": [
    null,
    -2,
    -2,
    -2,
    -2
  ],
  "pct_diff_lcoe_hawaii": [
    -0.40572895862323372,
    1.0403469028551429,
    -1,
    -1
  ],
  "postpro_time": 0.744326,
  "analysis_time": 537.767435
}
