{
  "location_flags": [
    null,
    -2,
    -2,
    -2,
    0
  ],
  "pct_diff_lcoe_hawaii": [
    -0.2719039211530041,
    1.6170782298921644,
    -1,
    -1
  ],
  "postpro_time": 1.335879,
  "analysis_time": 400.424456
}
