{
  "postpro_time": 27.375655,
  "analysis_time": 2556.058718
}
