{
  "postpro_time": 10.21977,
  "analysis_time": 7562.898314
}
