{
  "postpro_time": 49.815844,
  "analysis_time": 8185.394621
}
