{
  "postpro_time": 26.87413,
  "analysis_time": 8697.239095
}
