{
  "postpro_time": 24.157887,
  "analysis_time": 7612.085975
}
