{
  "postpro_time": 25.846671,
  "analysis_time": 5192.013231
}
