{
  "postpro_time": 30.702437,
  "analysis_time": 11761.645249
}
