{
  "postpro_time": 24.400951,
  "analysis_time": 7629.623064
}
