{
  "postpro_time": 27.66221,
  "analysis_time": 7629.623064
}
