{
  "postpro_time": 10.293581,
  "analysis_time": 8940.062332
}
