{
  "postpro_time": 50.257098,
  "analysis_time": 13069.655245
}
