{
  "postpro_time": 10.901006,
  "analysis_time": 7495.187438
}
