{
  "postpro_time": 25.090726,
  "analysis_time": 1866.475662
}
