{
  "postpro_time": 9.485535,
  "analysis_time": 8614.926029
}
