{
  "postpro_time": 10.149425,
  "analysis_time": 8614.926029
}
