{
  "postpro_time": 24.798078,
  "analysis_time": 7765.949353
}
