{
  "postpro_time": 27.599969,
  "analysis_time": 2745.678454
}
