{
  "postpro_time": 24.911133,
  "analysis_time": 8185.394621
}
