{
  "postpro_time": 45.690038,
  "analysis_time": 13038.602728
}
