{
  "postpro_time": 10.137586,
  "analysis_time": 7446.460419
}
