{
  "postpro_time": 24.328447,
  "analysis_time": 7931.537353
}
