{
  "postpro_time": 47.475372,
  "analysis_time": 8105.064708
}
