{
  "postpro_time": 25.911968,
  "analysis_time": 8688.746153
}
