{
  "postpro_time": 28.671044,
  "analysis_time": 10834.917374
}
