{
  "postpro_time": 29.008158,
  "analysis_time": 8185.394621
}
