{
  "postpro_time": 10.919741,
  "analysis_time": 8614.926029
}
