{
  "postpro_time": 10.134447,
  "analysis_time": 3631.049036
}
