{
  "postpro_time": 13.663583,
  "analysis_time": 11042.185079
}
