{
  "postpro_time": 28.598698,
  "analysis_time": 7275.090762
}
