{
  "postpro_time": 9.657481,
  "analysis_time": 8851.503428
}
