{
  "postpro_time": 25.124172,
  "analysis_time": 8386.065072
}
