{
  "postpro_time": 9.982589,
  "analysis_time": 8642.64039
}
