{
  "postpro_time": 24.771751,
  "analysis_time": 7765.949353
}
