{
  "postpro_time": 24.553013,
  "analysis_time": 8185.394621
}
