{
  "powerAvgAtMinCapex": 46704.585282867585,
  "capexDesignMinCapex": 913925.312619817,
  "powerAvgMaxPower": 91220.117976657231,
  "capexDesignMaxPower": 1.2110903812233871E+6,
  "powerBalanced": 140022.39920083524,
  "pctCostSavingsFromPTO": 0.35789049593638234,
  "postpro_time": 20.010942,
  "analysis_time": 7226.418019
}
