{
  "powerAvgAtMinCapex": 63928.744733779378,
  "capexDesignMinCapex": 2.04182090074467E+6,
  "powerAvgMaxPower": 75765.969289323984,
  "capexDesignMaxPower": 4.4229344895167733E+6,
  "powerBalanced": 134333.01510474665,
  "pctCostSavingsFromPTO": 0.41634919563155492,
  "postpro_time": 31.318683,
  "analysis_time": 1233.762712
}
