{
  "powerAvgAtMinCapex": 71250.794646746159,
  "capexDesignMinCapex": 3.1724213264245433E+6,
  "powerAvgMaxPower": 77722.839233043283,
  "capexDesignMaxPower": 4.414893445661745E+6,
  "powerBalanced": 135407.54916997207,
  "pctCostSavingsFromPTO": -0.019293555804038125,
  "postpro_time": 19.733566,
  "analysis_time": 925.896017
}
