{
  "powerAvgAtMinCapex": 46989.736254330572,
  "capexDesignMinCapex": 922787.602796321,
  "powerAvgMaxPower": 178159.76313662203,
  "capexDesignMaxPower": 8.3219185432035159E+6,
  "powerBalanced": 140000.25837737386,
  "pctCostSavingsFromPTO": 0.3033419762242312,
  "flags": [
    -2,
    -2,
    2,
    2
  ],
  "postpro_time": 23.896078,
  "analysis_time": 4908.288919
}
