{
  "powerAvgAtMinCapex": 46752.797691567772,
  "capexDesignMinCapex": 904059.41286614188,
  "powerAvgMaxPower": 128887.02016792633,
  "capexDesignMaxPower": 1.2929465539737709E+6,
  "powerBalanced": 136450.23479352734,
  "pctCostSavingsFromPTO": 0.76324652824294459,
  "postpro_time": 13.851878,
  "analysis_time": 2597.5423
}
