{
  "powerAvgAtMinCapex": 46518.040001007976,
  "capexDesignMinCapex": 888680.43510458944,
  "powerAvgMaxPower": 91438.888635660871,
  "capexDesignMaxPower": 1.0245199665385599E+6,
  "powerBalanced": 139999.9961116804,
  "pctCostSavingsFromPTO": 0.9963013314010073,
  "postpro_time": 12.622855,
  "analysis_time": 4085.068126
}
