{
  "powerAvgAtMinCapex": 46518.040001007976,
  "capexDesignMinCapex": 888680.43510458944,
  "powerAvgMaxPower": 70172.624852354027,
  "capexDesignMaxPower": 2.5969463770265188E+6,
  "powerBalanced": 139999.9961116804,
  "pctCostSavingsFromPTO": 0.9963013314010073,
  "flags": [
    2,
    -2,
    2,
    2
  ],
  "postpro_time": 33.388661,
  "analysis_time": 4700.74416
}
