{
  "powerAvgAtMinCapex": 46536.52996463389,
  "capexDesignMinCapex": 889907.05090104532,
  "powerAvgMaxPower": 81547.300507469146,
  "capexDesignMaxPower": 1.005162632793495E+6,
  "powerBalanced": 139983.82431364027,
  "pctCostSavingsFromPTO": 0.12488592868806161,
  "postpro_time": 16.518353,
  "analysis_time": 3493.463857
}
