{
  "powerAvgAtMinCapex": 53364.4973257598,
  "capexDesignMinCapex": 1.3833516950651449E+6,
  "powerAvgMaxPower": 62334.666514124285,
  "capexDesignMaxPower": 1.2689216608886966E+6,
  "powerBalanced": 139886.28182282497,
  "pctCostSavingsFromPTO": -2.1621349439036179,
  "postpro_time": 10.973884,
  "analysis_time": 5137.601871
}
