{
  "powerAvgAtMinCapex": 87782.326177446215,
  "capexDesignMinCapex": 1.3699495249195476E+6,
  "powerAvgMaxPower": 133850.11222996959,
  "capexDesignMaxPower": 1.1705215657416531E+6,
  "powerBalanced": 140038.00359657127,
  "pctCostSavingsFromPTO": 0.26459177530886807,
  "postpro_time": 16.284868,
  "analysis_time": 6164.520647
}
