{
  "powerAvgAtMinCapex": 47992.9374409295,
  "capexDesignMinCapex": 995224.75746118929,
  "powerAvgMaxPower": 77837.773825832846,
  "capexDesignMaxPower": 1.2943423357884409E+6,
  "powerBalanced": 139894.80942495598,
  "pctCostSavingsFromPTO": 0.43806521527202658,
  "postpro_time": 8.609625,
  "analysis_time": 2344.39451
}
