{
  "ptoSweepMinLCOE_F_max": 6.0E+6,
  "ptoSweepMinLCOE_P_max": 400000,
  "ptoSweepMinLCOE_power": 75835.2365631396,
  "ptoSweepMinLCOE_cost": 2.2524339466749034E+6,
  "ptoSweepMinLCOE_LCOE": 0.86242502546037247,
  "postpro_time": 3.065821,
  "analysis_time": 82.884989
}
