{
  "ptoSweepMinLCOE_F_max": 1.0E+6,
  "ptoSweepMinLCOE_P_max": 450000,
  "ptoSweepMinLCOE_power": 95849.24941958781,
  "ptoSweepMinLCOE_cost": 2.2264740321802371E+6,
  "ptoSweepMinLCOE_LCOE": 0.67859438424738971,
  "postpro_time": 4.633527,
  "analysis_time": 7705.079839
}
