{
  "ptoSweepMinLCOE_F_max": 5.0E+6,
  "ptoSweepMinLCOE_P_max": 550000,
  "ptoSweepMinLCOE_power": 100679.8801540649,
  "ptoSweepMinLCOE_cost": 2.3589291661319556E+6,
  "ptoSweepMinLCOE_LCOE": 0.664251373861466,
  "postpro_time": 4.884606,
  "analysis_time": 5076.615582
}
