{
  "ptoSweepMinLCOE_F_max": 6.0E+6,
  "ptoSweepMinLCOE_P_max": 400000,
  "ptoSweepMinLCOE_power": 77260.461753535346,
  "ptoSweepMinLCOE_cost": 2.2524339466749034E+6,
  "ptoSweepMinLCOE_LCOE": 0.84651585480287783,
  "postpro_time": 4.822771,
  "analysis_time": 617.924809
}
