{
  "ptoSweepMinLCOE_F_max": 6.0E+6,
  "ptoSweepMinLCOE_P_max": 450000,
  "ptoSweepMinLCOE_power": 89412.1635559199,
  "ptoSweepMinLCOE_cost": 2.2923222332306122E+6,
  "ptoSweepMinLCOE_LCOE": 0.73764575413434363,
  "postpro_time": 4.701144,
  "analysis_time": 489.94861
}
