{
  "ptoSweepMinLCOE_F_max": 3.0E+6,
  "ptoSweepMinLCOE_P_max": 250000,
  "ptoSweepMinLCOE_power": 54984.21670226955,
  "ptoSweepMinLCOE_cost": 2.0932601663775514E+6,
  "ptoSweepMinLCOE_LCOE": 1.1493893045263663,
  "postpro_time": 5.866677,
  "analysis_time": 521.856025
}
