{
  "ptoSweepMinLCOE_F_max": 3.5E+6,
  "ptoSweepMinLCOE_P_max": 250000,
  "ptoSweepMinLCOE_power": 90892.323345457437,
  "ptoSweepMinLCOE_cost": 2.0998449864825886E+6,
  "ptoSweepMinLCOE_LCOE": 0.69631232108849661,
  "postpro_time": 5.688519,
  "analysis_time": 4302.095189
}
