{
  "ptoSweepMinLCOE_F_max": 6.0E+6,
  "ptoSweepMinLCOE_P_max": 250000,
  "ptoSweepMinLCOE_power": 61056.211329044716,
  "ptoSweepMinLCOE_cost": 2.1327690870077764E+6,
  "ptoSweepMinLCOE_LCOE": 1.0440430787054542,
  "postpro_time": 5.072214,
  "analysis_time": 409.898741
}
