{
  "ptoSweepMinLCOE_F_max": 6.0E+6,
  "ptoSweepMinLCOE_P_max": 450000,
  "ptoSweepMinLCOE_power": 90696.423635524465,
  "ptoSweepMinLCOE_cost": 2.2923222332306122E+6,
  "ptoSweepMinLCOE_LCOE": 0.72720070065867948,
  "postpro_time": 6.27815,
  "analysis_time": 817.807274
}
