{
  "ptoSweepMinLCOE_F_max": 5.5E+6,
  "ptoSweepMinLCOE_P_max": 450000,
  "ptoSweepMinLCOE_power": 90248.398199456045,
  "ptoSweepMinLCOE_cost": 2.2857374131255746E+6,
  "ptoSweepMinLCOE_LCOE": 0.72980052927890948,
  "postpro_time": 5.058968,
  "analysis_time": 609.941257
}
