{
  "ptoSweepMinLCOE_F_max": 8.5E+6,
  "ptoSweepMinLCOE_P_max": 500000,
  "ptoSweepMinLCOE_power": 79374.462906825211,
  "ptoSweepMinLCOE_cost": 2.3651346203115089E+6,
  "ptoSweepMinLCOE_LCOE": 0.84362989765474949,
  "postpro_time": 5.355468,
  "analysis_time": 128.634157
}
