{
  "ptoSweepMinLCOE_F_max": 1.0E+6,
  "ptoSweepMinLCOE_P_max": 700000,
  "ptoSweepMinLCOE_power": 5516.2632898580632,
  "ptoSweepMinLCOE_cost": 2.4259154649587818E+6,
  "ptoSweepMinLCOE_LCOE": 12.29169888813596,
  "postpro_time": 4.937946,
  "analysis_time": 5935.188084
}
