{
  "ptoSweepMinLCOE_F_max": 6.0E+6,
  "ptoSweepMinLCOE_P_max": 450000,
  "ptoSweepMinLCOE_power": 90494.67501651682,
  "ptoSweepMinLCOE_cost": 2.2923222332306122E+6,
  "ptoSweepMinLCOE_LCOE": 0.72882192021742687,
  "postpro_time": 4.844262,
  "analysis_time": 1055.416321
}
