{
  "ptoSweepMinLCOE_F_max": 8.0E+6,
  "ptoSweepMinLCOE_P_max": 450000,
  "ptoSweepMinLCOE_power": 91220.928450552223,
  "ptoSweepMinLCOE_cost": 2.3186615136507628E+6,
  "ptoSweepMinLCOE_LCOE": 0.7270173644499931,
  "postpro_time": 5.357882,
  "analysis_time": 952.155973
}
