{
  "ptoSweepMinLCOE_F_max": 5.5E+6,
  "ptoSweepMinLCOE_P_max": 400000,
  "ptoSweepMinLCOE_power": 89513.242219313717,
  "ptoSweepMinLCOE_cost": 2.2458491265698657E+6,
  "ptoSweepMinLCOE_LCOE": 0.72962424510654422,
  "postpro_time": 4.934413,
  "analysis_time": 1110.64242
}
