{
  "ptoSweepMinLCOE_F_max": 4.0E+6,
  "ptoSweepMinLCOE_P_max": 400000,
  "ptoSweepMinLCOE_power": 87964.742770873927,
  "ptoSweepMinLCOE_cost": 2.2260946662547532E+6,
  "ptoSweepMinLCOE_LCOE": 0.73935883406552294,
  "postpro_time": 5.39248,
  "analysis_time": 841.550041
}
