{
  "ptoSweepMinLCOE_F_max": 1.0E+7,
  "ptoSweepMinLCOE_P_max": 450000,
  "ptoSweepMinLCOE_power": 83583.938896464068,
  "ptoSweepMinLCOE_cost": 2.3450007940709125E+6,
  "ptoSweepMinLCOE_LCOE": 0.79780752181607106,
  "postpro_time": 5.061078,
  "analysis_time": 926.021407
}
