{
  "ptoSweepMinLCOE_F_max": 8.0E+6,
  "ptoSweepMinLCOE_P_max": 350000,
  "ptoSweepMinLCOE_power": 58864.936287269789,
  "ptoSweepMinLCOE_cost": 2.2388849405393447E+6,
  "ptoSweepMinLCOE_LCOE": 1.1078684377416663,
  "postpro_time": 4.699473,
  "analysis_time": 433.941298
}
