{
  "ptoSweepMinLCOE_F_max": 6.0E+6,
  "ptoSweepMinLCOE_P_max": 400000,
  "ptoSweepMinLCOE_power": 75835.236563139566,
  "ptoSweepMinLCOE_cost": 2.2524339466749034E+6,
  "ptoSweepMinLCOE_LCOE": 0.86242502546037281,
  "postpro_time": 5.080447,
  "analysis_time": 487.79199
}
