{
  "ptoSweepMinLCOE_F_max": 6.0E+6,
  "ptoSweepMinLCOE_P_max": 400000,
  "ptoSweepMinLCOE_power": 77260.46175353539,
  "ptoSweepMinLCOE_cost": 2.2524339466749034E+6,
  "ptoSweepMinLCOE_LCOE": 0.84651585480287739,
  "postpro_time": 5.084583,
  "analysis_time": 243.467192
}
