{
  "pctPowerGainForceSatOptMinLCOE": 28.263401046559881,
  "pctPTOCostIncreaseForceSatOptMinLCOE": 55.965607360700254,
  "pctStructCostIncreaseForceSatOptMinLCOE": 49.739626947537481,
  "pctLCOEIncreaseForceSatOptMinLCOE": -1.9992890712608704,
  "force_saturation_analysis_complete": true,
  "postpro_time": 0.00384,
  "analysis_time": 140.929915
}
