{
  "pctPowerGainForceSatOptMinLCOE": 0.18418863377500247,
  "pctPTOCostIncreaseForceSatOptMinLCOE": 15.512203544239306,
  "pctStructCostIncreaseForceSatOptMinLCOE": 338.718851459784,
  "pctLCOEIncreaseForceSatOptMinLCOE": 126.0596331592545,
  "force_saturation_analysis_complete": true,
  "postpro_time": 0.005934,
  "analysis_time": 2936.725601
}
