{
  "pctPowerGainForceSatOptMinLCOE": 111.07178125131225,
  "pctPTOCostIncreaseForceSatOptMinLCOE": 93.2076246501903,
  "pctStructCostIncreaseForceSatOptMinLCOE": 6.9371539995048375,
  "pctLCOEIncreaseForceSatOptMinLCOE": -47.449952835520115,
  "force_saturation_analysis_complete": true,
  "postpro_time": 0.003724,
  "analysis_time": 300.602004
}
