{
  "pctPowerGainForceSatOptMinLCOE": 3.3923798800335074,
  "pctPTOCostIncreaseForceSatOptMinLCOE": -26.490358513104763,
  "pctStructCostIncreaseForceSatOptMinLCOE": 47.779521548011559,
  "pctLCOEIncreaseForceSatOptMinLCOE": 4.3994046863615406,
  "force_saturation_analysis_complete": true,
  "postpro_time": 0.004324,
  "analysis_time": 1605.224317
}
