{
  "pctPowerGainForceSatOptMinLCOE": 28.221796987607949,
  "pctPTOCostIncreaseForceSatOptMinLCOE": 56.287814930759083,
  "pctStructCostIncreaseForceSatOptMinLCOE": 49.816800809300972,
  "pctLCOEIncreaseForceSatOptMinLCOE": -1.9176622447516205,
  "force_saturation_analysis_complete": true,
  "postpro_time": 0.004119,
  "analysis_time": 145.215394
}
