{
  "pctPowerGainForceSatOptMinLCOE": 92.771351771105415,
  "pctPTOCostIncreaseForceSatOptMinLCOE": 73.750335879585535,
  "pctStructCostIncreaseForceSatOptMinLCOE": 289.60580380504888,
  "pctLCOEIncreaseForceSatOptMinLCOE": -15.647710645162391,
  "force_saturation_analysis_complete": true,
  "postpro_time": 0.00368,
  "analysis_time": 1722.401027
}
