{
  "pctPowerGainForceSatOptMinLCOE": 33.521998205527169,
  "pctPTOCostIncreaseForceSatOptMinLCOE": 60.873608980685312,
  "pctStructCostIncreaseForceSatOptMinLCOE": 258.21714889140355,
  "pctLCOEIncreaseForceSatOptMinLCOE": 19.70151947412641,
  "force_saturation_analysis_complete": true,
  "postpro_time": 0.003678,
  "analysis_time": 1655.948234
}
