{
  "postpro_time": 3.986925,
  "analysis_time": 3.147255
}
