{
  "postpro_time": 3.923545,
  "analysis_time": 3.486108
}
