{
  "postpro_time": 3.703616,
  "analysis_time": 2.909993
}
