{
  "postpro_time": 3.730325,
  "analysis_time": 2.83396
}
