{
  "postpro_time": 3.644394,
  "analysis_time": 2.838885
}
