{
  "postpro_time": 3.541076,
  "analysis_time": 2.867248
}
