{
  "postpro_time": 3.766283,
  "analysis_time": 3.049501
}
