{
  "postpro_time": 3.981997,
  "analysis_time": 2.907794
}
