{
  "postpro_time": 1.519881,
  "analysis_time": 2.999631
}
