{
  "postpro_time": 3.890794,
  "analysis_time": 3.047113
}
