{
  "postpro_time": 3.506979,
  "analysis_time": 2.85907
}
