{
  "postpro_time": 3.722292,
  "analysis_time": 3.093552
}
