{
  "postpro_time": 4.063105,
  "analysis_time": 3.016059
}
