{
  "postpro_time": 3.745402,
  "analysis_time": 3.103673
}
