{
  "postpro_time": 7.866333,
  "analysis_time": 5.633783
}
