{
  "postpro_time": 4.216692,
  "analysis_time": 2.973836
}
