{
  "postpro_time": 3.97115,
  "analysis_time": 2.99949
}
