{
  "postpro_time": 7.083351,
  "analysis_time": 6.54019
}
