{
  "postpro_time": 3.609271,
  "analysis_time": 2.921646
}
