{
  "postpro_time": 3.686214,
  "analysis_time": 2.819081
}
