{
  "postpro_time": 3.63969,
  "analysis_time": 2.912453
}
