{
  "postpro_time": 3.930709,
  "analysis_time": 3.075012
}
