{
  "postpro_time": 3.718419,
  "analysis_time": 3.032428
}
