{
  "postpro_time": 3.880613,
  "analysis_time": 3.09729
}
