{
  "postpro_time": 4.317372,
  "analysis_time": 3.276768
}
