{
  "postpro_time": 3.939553,
  "analysis_time": 5.116648
}
