{
  "postpro_time": 3.639436,
  "analysis_time": 2.999631
}
