{
  "postpro_time": 4.143352,
  "analysis_time": 2.992332
}
