{
  "postpro_time": 3.92505,
  "analysis_time": 3.034545
}
