{
  "postpro_time": 3.750921,
  "analysis_time": 2.965273
}
