{
  "postpro_time": 3.85685,
  "analysis_time": 2.993616
}
