{
  "postpro_time": 3.928231,
  "analysis_time": 2.972329
}
