{
  "postpro_time": 3.572695,
  "analysis_time": 2.83027
}
