{
  "postpro_time": 3.111493,
  "analysis_time": 2.884318
}
