{
  "postpro_time": 3.876372,
  "analysis_time": 2.971659
}
