{
  "postpro_time": 4.049015,
  "analysis_time": 3.210773
}
