{
  "postpro_time": 4.219699,
  "analysis_time": 3.211874
}
