{
  "postpro_time": 3.598231,
  "analysis_time": 2.873857
}
