{
  "postpro_time": 1.37447,
  "analysis_time": 3.068129
}
