{
  "postpro_time": 4.029728,
  "analysis_time": 3.106705
}
