{
  "postpro_time": 4.096738,
  "analysis_time": 3.106966
}
