{
  "postpro_time": 4.077568,
  "analysis_time": 3.145767
}
