{
  "postpro_time": 3.610657,
  "analysis_time": 2.888869
}
