{
  "postpro_time": 3.907181,
  "analysis_time": 2.973836
}
