{
  "postpro_time": 4.110209,
  "analysis_time": 3.150634
}
