{
  "postpro_time": 7.872692,
  "analysis_time": 5.633783
}
