{
  "postpro_time": 4.156981,
  "analysis_time": 3.049143
}
