{
  "postpro_time": 3.570732,
  "analysis_time": 3.068129
}
