{
  "postpro_time": 6.757845,
  "analysis_time": 5.699132
}
