{
  "postpro_time": 4.194115,
  "analysis_time": 3.127244
}
