{
  "postpro_time": 4.016463,
  "analysis_time": 5.116648
}
