{
  "postpro_time": 3.547951,
  "analysis_time": 2.801088
}
