{
  "postpro_time": 3.883928,
  "analysis_time": 2.976325
}
