{
  "postpro_time": 3.669484,
  "analysis_time": 2.838151
}
