{
  "postpro_time": 3.86679,
  "analysis_time": 2.819081
}
