{
  "postpro_time": 3.571001,
  "analysis_time": 2.827264
}
