{
  "postpro_time": 3.977523,
  "analysis_time": 3.127244
}
