{
  "postpro_time": 3.753039,
  "analysis_time": 2.970729
}
