{
  "postpro_time": 3.738491,
  "analysis_time": 3.02689
}
