{
  "postpro_time": 3.74975,
  "analysis_time": 2.885203
}
