{
  "postpro_time": 3.722847,
  "analysis_time": 2.951774
}
