{
  "postpro_time": 1.49217,
  "analysis_time": 2.999631
}
