{
  "postpro_time": 3.616344,
  "analysis_time": 2.890096
}
