{
  "postpro_time": 5.109971,
  "analysis_time": 4.104411
}
