{
  "postpro_time": 3.701974,
  "analysis_time": 2.958865
}
