{
  "postpro_time": 4.502075,
  "analysis_time": 3.924589
}
