{
  "postpro_time": 1.371713,
  "analysis_time": 3.068129
}
