{
  "postpro_time": 3.944981,
  "analysis_time": 2.83396
}
