{
  "postpro_time": 3.788973,
  "analysis_time": 2.93731
}
