{
  "postpro_time": 4.960805,
  "analysis_time": 2.884318
}
