{
  "postpro_time": 6.368815,
  "analysis_time": 5.116648
}
