{
  "postpro_time": 7.294943,
  "analysis_time": 4.597032
}
