{
  "postpro_time": 4.155086,
  "analysis_time": 3.188886
}
