{
  "postpro_time": 3.718169,
  "analysis_time": 2.885165
}
