{
  "postpro_time": 5.215479,
  "analysis_time": 3.697274
}
