{
  "postpro_time": 3.816584,
  "analysis_time": 3.025431
}
