{
  "postpro_time": 4.630572,
  "analysis_time": 3.557025
}
