{
  "postpro_time": 3.535953,
  "analysis_time": 2.83396
}
