{
  "postpro_time": 2.316517,
  "analysis_time": 5.220596
}
