{
  "postpro_time": 5.427129,
  "analysis_time": 3.262888
}
