{
  "postpro_time": 7.399903,
  "analysis_time": 3.285262
}
