{
  "postpro_time": 3.953937,
  "analysis_time": 2.921646
}
