{
  "postpro_time": 4.151082,
  "analysis_time": 3.127244
}
