{
  "postpro_time": 5.609731,
  "analysis_time": 3.84809
}
