{
  "postpro_time": 3.93301,
  "analysis_time": 3.182857
}
