{
  "postpro_time": 3.69953,
  "analysis_time": 3.096357
}
