{
  "postpro_time": 3.921917,
  "analysis_time": 3.263966
}
