{
  "postpro_time": 6.784446,
  "analysis_time": 2.819081
}
