{
  "postpro_time": 3.578705,
  "analysis_time": 2.910969
}
