{
  "postpro_time": 3.562988,
  "analysis_time": 2.853007
}
