{
  "postpro_time": 3.597528,
  "analysis_time": 2.829899
}
