{
  "postpro_time": 1.540995,
  "analysis_time": 2.999631
}
