{
  "postpro_time": 3.598762,
  "analysis_time": 2.815529
}
