{
  "postpro_time": 3.697712,
  "analysis_time": 3.032428
}
