{
  "postpro_time": 4.594354,
  "analysis_time": 3.117653
}
