{
  "postpro_time": 6.432775,
  "analysis_time": 5.175027
}
