{
  "postpro_time": 3.779512,
  "analysis_time": 3.005102
}
