{
  "postpro_time": 1.535493,
  "analysis_time": 2.999631
}
