{
  "postpro_time": 3.935574,
  "analysis_time": 2.885203
}
