{
  "postpro_time": 3.547181,
  "analysis_time": 2.824877
}
