{
  "postpro_time": 3.769553,
  "analysis_time": 3.025411
}
