{
  "postpro_time": 4.104173,
  "analysis_time": 3.015724
}
