{
  "postpro_time": 1.485717,
  "analysis_time": 2.999631
}
