{
  "postpro_time": 3.932519,
  "analysis_time": 3.086202
}
