{
  "postpro_time": 3.799151,
  "analysis_time": 2.984068
}
