{
  "postpro_time": 4.03194,
  "analysis_time": 6.06886
}
