{
  "postpro_time": 4.448077,
  "analysis_time": 3.462303
}
