{
  "postpro_time": 3.626357,
  "analysis_time": 2.882711
}
