{
  "postpro_time": 6.963872,
  "analysis_time": 4.271728
}
