{
  "postpro_time": 4.02556,
  "analysis_time": 3.286752
}
