{
  "postpro_time": 3.970898,
  "analysis_time": 3.116516
}
