{
  "postpro_time": 3.572245,
  "analysis_time": 2.840551
}
