{
  "postpro_time": 3.593206,
  "analysis_time": 2.885203
}
