{
  "postpro_time": 3.755913,
  "analysis_time": 4.104411
}
