{
  "postpro_time": 1.458575,
  "analysis_time": 2.999631
}
