{
  "postpro_time": 4.157515,
  "analysis_time": 3.250761
}
