{
  "postpro_time": 4.125778,
  "analysis_time": 3.015428
}
