{
  "postpro_time": 3.729175,
  "analysis_time": 2.908844
}
