{
  "postpro_time": 3.905157,
  "analysis_time": 3.001874
}
