{
  "postpro_time": 3.576493,
  "analysis_time": 2.81429
}
