{
  "postpro_time": 4.335609,
  "analysis_time": 5.971444
}
