{
  "postpro_time": 3.598733,
  "analysis_time": 2.913559
}
