{
  "postpro_time": 3.584957,
  "analysis_time": 2.854839
}
