{
  "postpro_time": 3.634602,
  "analysis_time": 2.98777
}
