{
  "postpro_time": 3.847089,
  "analysis_time": 2.956308
}
