{
  "postpro_time": 4.449247,
  "analysis_time": 3.407949
}
