{
  "postpro_time": 6.600796,
  "analysis_time": 5.475855
}
