{
  "postpro_time": 5.265214,
  "analysis_time": 4.145664
}
