{
  "postpro_time": 4.194685,
  "analysis_time": 2.985431
}
