{
  "postpro_time": 3.746576,
  "analysis_time": 3.012855
}
