{
  "postpro_time": 5.319283,
  "analysis_time": 3.966683
}
