{
  "postpro_time": 6.672478,
  "analysis_time": 5.248221
}
