{
  "postpro_time": 3.588721,
  "analysis_time": 4.104411
}
