{
  "postpro_time": 3.73787,
  "analysis_time": 3.018002
}
