{
  "postpro_time": 4.893085,
  "analysis_time": 3.605976
}
