{
  "postpro_time": 5.479378,
  "analysis_time": 2.999631
}
