{
  "postpro_time": 6.032724,
  "analysis_time": 3.101793
}
