{
  "postpro_time": 3.704561,
  "analysis_time": 2.98777
}
