{
  "postpro_time": 3.649505,
  "analysis_time": 3.111395
}
