{
  "postpro_time": 3.743901,
  "analysis_time": 3.063978
}
