{
  "postpro_time": 3.585606,
  "analysis_time": 2.874128
}
