{
  "postpro_time": 3.759808,
  "analysis_time": 3.084622
}
