{
  "postpro_time": 4.299849,
  "analysis_time": 3.236067
}
