{
  "postpro_time": 3.759301,
  "analysis_time": 2.972772
}
