{
  "postpro_time": 3.582091,
  "analysis_time": 3.032428
}
