{
  "postpro_time": 7.033715,
  "analysis_time": 2.973836
}
