{
  "postpro_time": 3.809763,
  "analysis_time": 3.037126
}
