{
  "postpro_time": 444.864807,
  "analysis_time": 13599.877123
}
