{
  "postpro_time": 310.434889,
  "analysis_time": 11478.285217
}
