{
  "paretoPctTimeSeeds": 0.60543419698584866,
  "paretoPctTimePatternSearch": 0.39456580301415145,
  "paretoRuntime": 1765.897634,
  "paretoFcnEvals": 4327,
  "postpro_time": 171.91657,
  "analysis_time": 9177.604255
}
