{
  "paretoPctTimeSeeds": 0.32661933976516833,
  "paretoPctTimePatternSearch": 0.67338066023483167,
  "paretoRuntime": 3377.494299,
  "paretoFcnEvals": 6828,
  "postpro_time": 292.712277,
  "analysis_time": 20528.692788
}
