{
  "paretoPctTimeSeeds": 0.46356553694055486,
  "paretoPctTimePatternSearch": 0.53643446305944509,
  "paretoRuntime": 2592.4228620000004,
  "paretoFcnEvals": 6828,
  "postpro_time": 409.655986,
  "analysis_time": 16502.06359
}
