{
  "paretoPctTimeSeeds": 0.44845105993715373,
  "paretoPctTimePatternSearch": 0.55154894006284638,
  "paretoRuntime": 2455.839991,
  "paretoFcnEvals": 6828,
  "postpro_time": 288.376511,
  "analysis_time": 14851.918529
}
