{
  "paretoPctTimeSeeds": 0.43259140825633813,
  "paretoPctTimePatternSearch": 0.56740859174366176,
  "paretoRuntime": 2465.672375,
  "paretoFcnEvals": 6828,
  "postpro_time": 234.512071,
  "analysis_time": 13524.913091
}
