{
  "paretoPctTimeSeeds": 0.45199427942581788,
  "paretoPctTimePatternSearch": 0.54800572057418206,
  "paretoRuntime": 2438.876161,
  "paretoFcnEvals": 6828,
  "postpro_time": 293.823912,
  "analysis_time": 14976.089886
}
