{
  "paretoPctTimeSeeds": 0.44617710629310459,
  "paretoPctTimePatternSearch": 0.55382289370689552,
  "paretoRuntime": 2427.0567039999996,
  "paretoFcnEvals": 6828,
  "postpro_time": 230.986303,
  "analysis_time": 12969.816815
}
