{
  "postpro_time": 371.347806,
  "analysis_time": 13444.419863
}
