{
  "paretoPctTimeSeeds": 0.44177258012801313,
  "paretoPctTimePatternSearch": 0.55822741987198676,
  "paretoRuntime": 2513.8520790000002,
  "paretoFcnEvals": 6828,
  "postpro_time": 263.671486,
  "analysis_time": 13266.830143
}
