{
  "paretoPctTimeSeeds": 0.622999411071032,
  "paretoPctTimePatternSearch": 0.37700058892896821,
  "paretoRuntime": 2057.796552,
  "paretoFcnEvals": 4327,
  "postpro_time": 177.730984,
  "analysis_time": 10728.125486
}
