{
  "paretoPctTimeSeeds": 0.442659919284467,
  "paretoPctTimePatternSearch": 0.557340080715533,
  "paretoRuntime": 2159.670556,
  "paretoFcnEvals": 6828,
  "postpro_time": 233.139275,
  "analysis_time": 12126.921853
}
