{
  "paretoPctTimeSeeds": 0.44649153272740871,
  "paretoPctTimePatternSearch": 0.55350846727259129,
  "paretoRuntime": 2114.418227,
  "paretoFcnEvals": 6828,
  "postpro_time": 234.30425,
  "analysis_time": 12283.431652
}
