{
  "postpro_time": 476.151155,
  "analysis_time": 14130.585266
}
