{
  "postpro_time": 387.911213,
  "analysis_time": 13807.454673
}
