{
  "paretoPctTimeSeeds": 0.4403180613829657,
  "paretoPctTimePatternSearch": 0.55968193861703441,
  "paretoRuntime": 2833.8532379999997,
  "paretoFcnEvals": 6828,
  "postpro_time": 249.327002,
  "analysis_time": 13656.811873
}
