{
  "paretoPctTimeSeeds": 0.438335860875656,
  "paretoPctTimePatternSearch": 0.56166413912434388,
  "paretoRuntime": 2228.52846,
  "paretoFcnEvals": 6828,
  "postpro_time": 243.414578,
  "analysis_time": 12802.611849
}
