{
  "paretoPctTimeSeeds": 0.62359298672815255,
  "paretoPctTimePatternSearch": 0.37640701327184756,
  "paretoRuntime": 1956.9594189999998,
  "paretoFcnEvals": 5290,
  "postpro_time": 194.924149,
  "analysis_time": 12811.634379
}
