{
  "paretoPctTimeSeeds": 0.60814199950628745,
  "paretoPctTimePatternSearch": 0.39185800049371261,
  "paretoRuntime": 2049.893099,
  "paretoFcnEvals": 4327,
  "postpro_time": 199.121425,
  "analysis_time": 10315.620076
}
