{
  "postpro_time": 310.493874,
  "analysis_time": 11478.285217
}
