{
  "paretoPctTimeSeeds": 0.60781576264261128,
  "paretoPctTimePatternSearch": 0.39218423735738867,
  "paretoRuntime": 1772.501064,
  "paretoFcnEvals": 4327,
  "postpro_time": 171.378528,
  "analysis_time": 9225.535163
}
