{
  "paretoPctTimeSeeds": 0.36793673095168045,
  "paretoPctTimePatternSearch": 0.63206326904831944,
  "paretoRuntime": 3307.0794260000002,
  "paretoFcnEvals": 6828,
  "postpro_time": 272.414124,
  "analysis_time": 13318.488109
}
