{
  "paretoPctTimeSeeds": 0.41704216722110143,
  "paretoPctTimePatternSearch": 0.58295783277889857,
  "paretoRuntime": 3040.968213,
  "paretoFcnEvals": 6828,
  "postpro_time": 302.491019,
  "analysis_time": 15881.002301
}
