{
  "paretoPctTimeSeeds": 0.43692184259429512,
  "paretoPctTimePatternSearch": 0.56307815740570488,
  "paretoRuntime": 3517.19031,
  "paretoFcnEvals": 6828,
  "postpro_time": 436.446302,
  "analysis_time": 51114.041051
}
